id,emotion,intensity,statement,repetition,actor,path
0,01,01,01,01,01,E:/RAVDESS_dataset/Audio_Song_Actors_01-24\Actor_01\03-02-01-01-01-01-01.wav
1,01,01,01,02,01,E:/RAVDESS_dataset/Audio_Song_Actors_01-24\Actor_01\03-02-01-01-01-02-01.wav
2,01,01,02,01,01,E:/RAVDESS_dataset/Audio_Song_Actors_01-24\Actor_01\03-02-01-01-02-01-01.wav
3,01,01,02,02,01,E:/RAVDESS_dataset/Audio_Song_Actors_01-24\Actor_01\03-02-01-01-02-02-01.wav
4,02,01,01,01,01,E:/RAVDESS_dataset/Audio_Song_Actors_01-24\Actor_01\03-02-02-01-01-01-01.wav
5,02,01,01,02,01,E:/RAVDESS_dataset/Audio_Song_Actors_01-24\Actor_01\03-02-02-01-01-02-01.wav
6,02,01,02,01,01,E:/RAVDESS_dataset/Audio_Song_Actors_01-24\Actor_01\03-02-02-01-02-01-01.wav
7,02,01,02,02,01,E:/RAVDESS_dataset/Audio_Song_Actors_01-24\Actor_01\03-02-02-01-02-02-01.wav
8,02,02,01,01,01,E:/RAVDESS_dataset/Audio_Song_Actors_01-24\Actor_01\03-02-02-02-01-01-01.wav
9,02,02,01,02,01,E:/RAVDESS_dataset/Audio_Song_Actors_01-24\Actor_01\03-02-02-02-01-02-01.wav
10,02,02,02,01,01,E:/RAVDESS_dataset/Audio_Song_Actors_01-24\Actor_01\03-02-02-02-02-01-01.wav
11,02,02,02,02,01,E:/RAVDESS_dataset/Audio_Song_Actors_01-24\Actor_01\03-02-02-02-02-02-01.wav
12,03,01,01,01,01,E:/RAVDESS_dataset/Audio_Song_Actors_01-24\Actor_01\03-02-03-01-01-01-01.wav
13,03,01,01,02,01,E:/RAVDESS_dataset/Audio_Song_Actors_01-24\Actor_01\03-02-03-01-01-02-01.wav
14,03,01,02,01,01,E:/RAVDESS_dataset/Audio_Song_Actors_01-24\Actor_01\03-02-03-01-02-01-01.wav
15,03,01,02,02,01,E:/RAVDESS_dataset/Audio_Song_Actors_01-24\Actor_01\03-02-03-01-02-02-01.wav
16,03,02,01,01,01,E:/RAVDESS_dataset/Audio_Song_Actors_01-24\Actor_01\03-02-03-02-01-01-01.wav
17,03,02,01,02,01,E:/RAVDESS_dataset/Audio_Song_Actors_01-24\Actor_01\03-02-03-02-01-02-01.wav
18,03,02,02,01,01,E:/RAVDESS_dataset/Audio_Song_Actors_01-24\Actor_01\03-02-03-02-02-01-01.wav
19,03,02,02,02,01,E:/RAVDESS_dataset/Audio_Song_Actors_01-24\Actor_01\03-02-03-02-02-02-01.wav
20,04,01,01,01,01,E:/RAVDESS_dataset/Audio_Song_Actors_01-24\Actor_01\03-02-04-01-01-01-01.wav
21,04,01,01,02,01,E:/RAVDESS_dataset/Audio_Song_Actors_01-24\Actor_01\03-02-04-01-01-02-01.wav
22,04,01,02,01,01,E:/RAVDESS_dataset/Audio_Song_Actors_01-24\Actor_01\03-02-04-01-02-01-01.wav
23,04,01,02,02,01,E:/RAVDESS_dataset/Audio_Song_Actors_01-24\Actor_01\03-02-04-01-02-02-01.wav
24,04,02,01,01,01,E:/RAVDESS_dataset/Audio_Song_Actors_01-24\Actor_01\03-02-04-02-01-01-01.wav
25,04,02,01,02,01,E:/RAVDESS_dataset/Audio_Song_Actors_01-24\Actor_01\03-02-04-02-01-02-01.wav
26,04,02,02,01,01,E:/RAVDESS_dataset/Audio_Song_Actors_01-24\Actor_01\03-02-04-02-02-01-01.wav
27,04,02,02,02,01,E:/RAVDESS_dataset/Audio_Song_Actors_01-24\Actor_01\03-02-04-02-02-02-01.wav
28,05,01,01,01,01,E:/RAVDESS_dataset/Audio_Song_Actors_01-24\Actor_01\03-02-05-01-01-01-01.wav
29,05,01,01,02,01,E:/RAVDESS_dataset/Audio_Song_Actors_01-24\Actor_01\03-02-05-01-01-02-01.wav
30,05,01,02,01,01,E:/RAVDESS_dataset/Audio_Song_Actors_01-24\Actor_01\03-02-05-01-02-01-01.wav
31,05,01,02,02,01,E:/RAVDESS_dataset/Audio_Song_Actors_01-24\Actor_01\03-02-05-01-02-02-01.wav
32,05,02,01,01,01,E:/RAVDESS_dataset/Audio_Song_Actors_01-24\Actor_01\03-02-05-02-01-01-01.wav
33,05,02,01,02,01,E:/RAVDESS_dataset/Audio_Song_Actors_01-24\Actor_01\03-02-05-02-01-02-01.wav
34,05,02,02,01,01,E:/RAVDESS_dataset/Audio_Song_Actors_01-24\Actor_01\03-02-05-02-02-01-01.wav
35,05,02,02,02,01,E:/RAVDESS_dataset/Audio_Song_Actors_01-24\Actor_01\03-02-05-02-02-02-01.wav
36,06,01,01,01,01,E:/RAVDESS_dataset/Audio_Song_Actors_01-24\Actor_01\03-02-06-01-01-01-01.wav
37,06,01,01,02,01,E:/RAVDESS_dataset/Audio_Song_Actors_01-24\Actor_01\03-02-06-01-01-02-01.wav
38,06,01,02,01,01,E:/RAVDESS_dataset/Audio_Song_Actors_01-24\Actor_01\03-02-06-01-02-01-01.wav
39,06,01,02,02,01,E:/RAVDESS_dataset/Audio_Song_Actors_01-24\Actor_01\03-02-06-01-02-02-01.wav
40,06,02,01,01,01,E:/RAVDESS_dataset/Audio_Song_Actors_01-24\Actor_01\03-02-06-02-01-01-01.wav
41,06,02,01,02,01,E:/RAVDESS_dataset/Audio_Song_Actors_01-24\Actor_01\03-02-06-02-01-02-01.wav
42,06,02,02,01,01,E:/RAVDESS_dataset/Audio_Song_Actors_01-24\Actor_01\03-02-06-02-02-01-01.wav
43,06,02,02,02,01,E:/RAVDESS_dataset/Audio_Song_Actors_01-24\Actor_01\03-02-06-02-02-02-01.wav
44,01,01,01,01,02,E:/RAVDESS_dataset/Audio_Song_Actors_01-24\Actor_02\03-02-01-01-01-01-02.wav
45,01,01,01,02,02,E:/RAVDESS_dataset/Audio_Song_Actors_01-24\Actor_02\03-02-01-01-01-02-02.wav
46,01,01,02,01,02,E:/RAVDESS_dataset/Audio_Song_Actors_01-24\Actor_02\03-02-01-01-02-01-02.wav
47,01,01,02,02,02,E:/RAVDESS_dataset/Audio_Song_Actors_01-24\Actor_02\03-02-01-01-02-02-02.wav
48,02,01,01,01,02,E:/RAVDESS_dataset/Audio_Song_Actors_01-24\Actor_02\03-02-02-01-01-01-02.wav
49,02,01,01,02,02,E:/RAVDESS_dataset/Audio_Song_Actors_01-24\Actor_02\03-02-02-01-01-02-02.wav
50,02,01,02,01,02,E:/RAVDESS_dataset/Audio_Song_Actors_01-24\Actor_02\03-02-02-01-02-01-02.wav
51,02,01,02,02,02,E:/RAVDESS_dataset/Audio_Song_Actors_01-24\Actor_02\03-02-02-01-02-02-02.wav
52,02,02,01,01,02,E:/RAVDESS_dataset/Audio_Song_Actors_01-24\Actor_02\03-02-02-02-01-01-02.wav
53,02,02,01,02,02,E:/RAVDESS_dataset/Audio_Song_Actors_01-24\Actor_02\03-02-02-02-01-02-02.wav
54,02,02,02,01,02,E:/RAVDESS_dataset/Audio_Song_Actors_01-24\Actor_02\03-02-02-02-02-01-02.wav
55,02,02,02,02,02,E:/RAVDESS_dataset/Audio_Song_Actors_01-24\Actor_02\03-02-02-02-02-02-02.wav
56,03,01,01,01,02,E:/RAVDESS_dataset/Audio_Song_Actors_01-24\Actor_02\03-02-03-01-01-01-02.wav
57,03,01,01,02,02,E:/RAVDESS_dataset/Audio_Song_Actors_01-24\Actor_02\03-02-03-01-01-02-02.wav
58,03,01,02,01,02,E:/RAVDESS_dataset/Audio_Song_Actors_01-24\Actor_02\03-02-03-01-02-01-02.wav
59,03,01,02,02,02,E:/RAVDESS_dataset/Audio_Song_Actors_01-24\Actor_02\03-02-03-01-02-02-02.wav
60,03,02,01,01,02,E:/RAVDESS_dataset/Audio_Song_Actors_01-24\Actor_02\03-02-03-02-01-01-02.wav
61,03,02,01,02,02,E:/RAVDESS_dataset/Audio_Song_Actors_01-24\Actor_02\03-02-03-02-01-02-02.wav
62,03,02,02,01,02,E:/RAVDESS_dataset/Audio_Song_Actors_01-24\Actor_02\03-02-03-02-02-01-02.wav
63,03,02,02,02,02,E:/RAVDESS_dataset/Audio_Song_Actors_01-24\Actor_02\03-02-03-02-02-02-02.wav
64,04,01,01,01,02,E:/RAVDESS_dataset/Audio_Song_Actors_01-24\Actor_02\03-02-04-01-01-01-02.wav
65,04,01,01,02,02,E:/RAVDESS_dataset/Audio_Song_Actors_01-24\Actor_02\03-02-04-01-01-02-02.wav
66,04,01,02,01,02,E:/RAVDESS_dataset/Audio_Song_Actors_01-24\Actor_02\03-02-04-01-02-01-02.wav
67,04,01,02,02,02,E:/RAVDESS_dataset/Audio_Song_Actors_01-24\Actor_02\03-02-04-01-02-02-02.wav
68,04,02,01,01,02,E:/RAVDESS_dataset/Audio_Song_Actors_01-24\Actor_02\03-02-04-02-01-01-02.wav
69,04,02,01,02,02,E:/RAVDESS_dataset/Audio_Song_Actors_01-24\Actor_02\03-02-04-02-01-02-02.wav
70,04,02,02,01,02,E:/RAVDESS_dataset/Audio_Song_Actors_01-24\Actor_02\03-02-04-02-02-01-02.wav
71,04,02,02,02,02,E:/RAVDESS_dataset/Audio_Song_Actors_01-24\Actor_02\03-02-04-02-02-02-02.wav
72,05,01,01,01,02,E:/RAVDESS_dataset/Audio_Song_Actors_01-24\Actor_02\03-02-05-01-01-01-02.wav
73,05,01,01,02,02,E:/RAVDESS_dataset/Audio_Song_Actors_01-24\Actor_02\03-02-05-01-01-02-02.wav
74,05,01,02,01,02,E:/RAVDESS_dataset/Audio_Song_Actors_01-24\Actor_02\03-02-05-01-02-01-02.wav
75,05,01,02,02,02,E:/RAVDESS_dataset/Audio_Song_Actors_01-24\Actor_02\03-02-05-01-02-02-02.wav
76,05,02,01,01,02,E:/RAVDESS_dataset/Audio_Song_Actors_01-24\Actor_02\03-02-05-02-01-01-02.wav
77,05,02,01,02,02,E:/RAVDESS_dataset/Audio_Song_Actors_01-24\Actor_02\03-02-05-02-01-02-02.wav
78,05,02,02,01,02,E:/RAVDESS_dataset/Audio_Song_Actors_01-24\Actor_02\03-02-05-02-02-01-02.wav
79,05,02,02,02,02,E:/RAVDESS_dataset/Audio_Song_Actors_01-24\Actor_02\03-02-05-02-02-02-02.wav
80,06,01,01,01,02,E:/RAVDESS_dataset/Audio_Song_Actors_01-24\Actor_02\03-02-06-01-01-01-02.wav
81,06,01,01,02,02,E:/RAVDESS_dataset/Audio_Song_Actors_01-24\Actor_02\03-02-06-01-01-02-02.wav
82,06,01,02,01,02,E:/RAVDESS_dataset/Audio_Song_Actors_01-24\Actor_02\03-02-06-01-02-01-02.wav
83,06,01,02,02,02,E:/RAVDESS_dataset/Audio_Song_Actors_01-24\Actor_02\03-02-06-01-02-02-02.wav
84,06,02,01,01,02,E:/RAVDESS_dataset/Audio_Song_Actors_01-24\Actor_02\03-02-06-02-01-01-02.wav
85,06,02,01,02,02,E:/RAVDESS_dataset/Audio_Song_Actors_01-24\Actor_02\03-02-06-02-01-02-02.wav
86,06,02,02,01,02,E:/RAVDESS_dataset/Audio_Song_Actors_01-24\Actor_02\03-02-06-02-02-01-02.wav
87,06,02,02,02,02,E:/RAVDESS_dataset/Audio_Song_Actors_01-24\Actor_02\03-02-06-02-02-02-02.wav
88,01,01,01,01,03,E:/RAVDESS_dataset/Audio_Song_Actors_01-24\Actor_03\03-02-01-01-01-01-03.wav
89,01,01,01,02,03,E:/RAVDESS_dataset/Audio_Song_Actors_01-24\Actor_03\03-02-01-01-01-02-03.wav
90,01,01,02,01,03,E:/RAVDESS_dataset/Audio_Song_Actors_01-24\Actor_03\03-02-01-01-02-01-03.wav
91,01,01,02,02,03,E:/RAVDESS_dataset/Audio_Song_Actors_01-24\Actor_03\03-02-01-01-02-02-03.wav
92,02,01,01,01,03,E:/RAVDESS_dataset/Audio_Song_Actors_01-24\Actor_03\03-02-02-01-01-01-03.wav
93,02,01,01,02,03,E:/RAVDESS_dataset/Audio_Song_Actors_01-24\Actor_03\03-02-02-01-01-02-03.wav
94,02,01,02,01,03,E:/RAVDESS_dataset/Audio_Song_Actors_01-24\Actor_03\03-02-02-01-02-01-03.wav
95,02,01,02,02,03,E:/RAVDESS_dataset/Audio_Song_Actors_01-24\Actor_03\03-02-02-01-02-02-03.wav
96,02,02,01,01,03,E:/RAVDESS_dataset/Audio_Song_Actors_01-24\Actor_03\03-02-02-02-01-01-03.wav
97,02,02,01,02,03,E:/RAVDESS_dataset/Audio_Song_Actors_01-24\Actor_03\03-02-02-02-01-02-03.wav
98,02,02,02,01,03,E:/RAVDESS_dataset/Audio_Song_Actors_01-24\Actor_03\03-02-02-02-02-01-03.wav
99,02,02,02,02,03,E:/RAVDESS_dataset/Audio_Song_Actors_01-24\Actor_03\03-02-02-02-02-02-03.wav
100,03,01,01,01,03,E:/RAVDESS_dataset/Audio_Song_Actors_01-24\Actor_03\03-02-03-01-01-01-03.wav
101,03,01,01,02,03,E:/RAVDESS_dataset/Audio_Song_Actors_01-24\Actor_03\03-02-03-01-01-02-03.wav
102,03,01,02,01,03,E:/RAVDESS_dataset/Audio_Song_Actors_01-24\Actor_03\03-02-03-01-02-01-03.wav
103,03,01,02,02,03,E:/RAVDESS_dataset/Audio_Song_Actors_01-24\Actor_03\03-02-03-01-02-02-03.wav
104,03,02,01,01,03,E:/RAVDESS_dataset/Audio_Song_Actors_01-24\Actor_03\03-02-03-02-01-01-03.wav
105,03,02,01,02,03,E:/RAVDESS_dataset/Audio_Song_Actors_01-24\Actor_03\03-02-03-02-01-02-03.wav
106,03,02,02,01,03,E:/RAVDESS_dataset/Audio_Song_Actors_01-24\Actor_03\03-02-03-02-02-01-03.wav
107,03,02,02,02,03,E:/RAVDESS_dataset/Audio_Song_Actors_01-24\Actor_03\03-02-03-02-02-02-03.wav
108,04,01,01,01,03,E:/RAVDESS_dataset/Audio_Song_Actors_01-24\Actor_03\03-02-04-01-01-01-03.wav
109,04,01,01,02,03,E:/RAVDESS_dataset/Audio_Song_Actors_01-24\Actor_03\03-02-04-01-01-02-03.wav
110,04,01,02,01,03,E:/RAVDESS_dataset/Audio_Song_Actors_01-24\Actor_03\03-02-04-01-02-01-03.wav
111,04,01,02,02,03,E:/RAVDESS_dataset/Audio_Song_Actors_01-24\Actor_03\03-02-04-01-02-02-03.wav
112,04,02,01,01,03,E:/RAVDESS_dataset/Audio_Song_Actors_01-24\Actor_03\03-02-04-02-01-01-03.wav
113,04,02,01,02,03,E:/RAVDESS_dataset/Audio_Song_Actors_01-24\Actor_03\03-02-04-02-01-02-03.wav
114,04,02,02,01,03,E:/RAVDESS_dataset/Audio_Song_Actors_01-24\Actor_03\03-02-04-02-02-01-03.wav
115,04,02,02,02,03,E:/RAVDESS_dataset/Audio_Song_Actors_01-24\Actor_03\03-02-04-02-02-02-03.wav
116,05,01,01,01,03,E:/RAVDESS_dataset/Audio_Song_Actors_01-24\Actor_03\03-02-05-01-01-01-03.wav
117,05,01,01,02,03,E:/RAVDESS_dataset/Audio_Song_Actors_01-24\Actor_03\03-02-05-01-01-02-03.wav
118,05,01,02,01,03,E:/RAVDESS_dataset/Audio_Song_Actors_01-24\Actor_03\03-02-05-01-02-01-03.wav
119,05,01,02,02,03,E:/RAVDESS_dataset/Audio_Song_Actors_01-24\Actor_03\03-02-05-01-02-02-03.wav
120,05,02,01,01,03,E:/RAVDESS_dataset/Audio_Song_Actors_01-24\Actor_03\03-02-05-02-01-01-03.wav
121,05,02,01,02,03,E:/RAVDESS_dataset/Audio_Song_Actors_01-24\Actor_03\03-02-05-02-01-02-03.wav
122,05,02,02,01,03,E:/RAVDESS_dataset/Audio_Song_Actors_01-24\Actor_03\03-02-05-02-02-01-03.wav
123,05,02,02,02,03,E:/RAVDESS_dataset/Audio_Song_Actors_01-24\Actor_03\03-02-05-02-02-02-03.wav
124,06,01,01,01,03,E:/RAVDESS_dataset/Audio_Song_Actors_01-24\Actor_03\03-02-06-01-01-01-03.wav
125,06,01,01,02,03,E:/RAVDESS_dataset/Audio_Song_Actors_01-24\Actor_03\03-02-06-01-01-02-03.wav
126,06,01,02,01,03,E:/RAVDESS_dataset/Audio_Song_Actors_01-24\Actor_03\03-02-06-01-02-01-03.wav
127,06,01,02,02,03,E:/RAVDESS_dataset/Audio_Song_Actors_01-24\Actor_03\03-02-06-01-02-02-03.wav
128,06,02,01,01,03,E:/RAVDESS_dataset/Audio_Song_Actors_01-24\Actor_03\03-02-06-02-01-01-03.wav
129,06,02,01,02,03,E:/RAVDESS_dataset/Audio_Song_Actors_01-24\Actor_03\03-02-06-02-01-02-03.wav
130,06,02,02,01,03,E:/RAVDESS_dataset/Audio_Song_Actors_01-24\Actor_03\03-02-06-02-02-01-03.wav
131,06,02,02,02,03,E:/RAVDESS_dataset/Audio_Song_Actors_01-24\Actor_03\03-02-06-02-02-02-03.wav
132,01,01,01,01,04,E:/RAVDESS_dataset/Audio_Song_Actors_01-24\Actor_04\03-02-01-01-01-01-04.wav
133,01,01,01,02,04,E:/RAVDESS_dataset/Audio_Song_Actors_01-24\Actor_04\03-02-01-01-01-02-04.wav
134,01,01,02,01,04,E:/RAVDESS_dataset/Audio_Song_Actors_01-24\Actor_04\03-02-01-01-02-01-04.wav
135,01,01,02,02,04,E:/RAVDESS_dataset/Audio_Song_Actors_01-24\Actor_04\03-02-01-01-02-02-04.wav
136,02,01,01,01,04,E:/RAVDESS_dataset/Audio_Song_Actors_01-24\Actor_04\03-02-02-01-01-01-04.wav
137,02,01,01,02,04,E:/RAVDESS_dataset/Audio_Song_Actors_01-24\Actor_04\03-02-02-01-01-02-04.wav
138,02,01,02,01,04,E:/RAVDESS_dataset/Audio_Song_Actors_01-24\Actor_04\03-02-02-01-02-01-04.wav
139,02,01,02,02,04,E:/RAVDESS_dataset/Audio_Song_Actors_01-24\Actor_04\03-02-02-01-02-02-04.wav
140,02,02,01,01,04,E:/RAVDESS_dataset/Audio_Song_Actors_01-24\Actor_04\03-02-02-02-01-01-04.wav
141,02,02,01,02,04,E:/RAVDESS_dataset/Audio_Song_Actors_01-24\Actor_04\03-02-02-02-01-02-04.wav
142,02,02,02,01,04,E:/RAVDESS_dataset/Audio_Song_Actors_01-24\Actor_04\03-02-02-02-02-01-04.wav
143,02,02,02,02,04,E:/RAVDESS_dataset/Audio_Song_Actors_01-24\Actor_04\03-02-02-02-02-02-04.wav
144,03,01,01,01,04,E:/RAVDESS_dataset/Audio_Song_Actors_01-24\Actor_04\03-02-03-01-01-01-04.wav
145,03,01,01,02,04,E:/RAVDESS_dataset/Audio_Song_Actors_01-24\Actor_04\03-02-03-01-01-02-04.wav
146,03,01,02,01,04,E:/RAVDESS_dataset/Audio_Song_Actors_01-24\Actor_04\03-02-03-01-02-01-04.wav
147,03,01,02,02,04,E:/RAVDESS_dataset/Audio_Song_Actors_01-24\Actor_04\03-02-03-01-02-02-04.wav
148,03,02,01,01,04,E:/RAVDESS_dataset/Audio_Song_Actors_01-24\Actor_04\03-02-03-02-01-01-04.wav
149,03,02,01,02,04,E:/RAVDESS_dataset/Audio_Song_Actors_01-24\Actor_04\03-02-03-02-01-02-04.wav
150,03,02,02,01,04,E:/RAVDESS_dataset/Audio_Song_Actors_01-24\Actor_04\03-02-03-02-02-01-04.wav
151,03,02,02,02,04,E:/RAVDESS_dataset/Audio_Song_Actors_01-24\Actor_04\03-02-03-02-02-02-04.wav
152,04,01,01,01,04,E:/RAVDESS_dataset/Audio_Song_Actors_01-24\Actor_04\03-02-04-01-01-01-04.wav
153,04,01,01,02,04,E:/RAVDESS_dataset/Audio_Song_Actors_01-24\Actor_04\03-02-04-01-01-02-04.wav
154,04,01,02,01,04,E:/RAVDESS_dataset/Audio_Song_Actors_01-24\Actor_04\03-02-04-01-02-01-04.wav
155,04,01,02,02,04,E:/RAVDESS_dataset/Audio_Song_Actors_01-24\Actor_04\03-02-04-01-02-02-04.wav
156,04,02,01,01,04,E:/RAVDESS_dataset/Audio_Song_Actors_01-24\Actor_04\03-02-04-02-01-01-04.wav
157,04,02,01,02,04,E:/RAVDESS_dataset/Audio_Song_Actors_01-24\Actor_04\03-02-04-02-01-02-04.wav
158,04,02,02,01,04,E:/RAVDESS_dataset/Audio_Song_Actors_01-24\Actor_04\03-02-04-02-02-01-04.wav
159,04,02,02,02,04,E:/RAVDESS_dataset/Audio_Song_Actors_01-24\Actor_04\03-02-04-02-02-02-04.wav
160,05,01,01,01,04,E:/RAVDESS_dataset/Audio_Song_Actors_01-24\Actor_04\03-02-05-01-01-01-04.wav
161,05,01,01,02,04,E:/RAVDESS_dataset/Audio_Song_Actors_01-24\Actor_04\03-02-05-01-01-02-04.wav
162,05,01,02,01,04,E:/RAVDESS_dataset/Audio_Song_Actors_01-24\Actor_04\03-02-05-01-02-01-04.wav
163,05,01,02,02,04,E:/RAVDESS_dataset/Audio_Song_Actors_01-24\Actor_04\03-02-05-01-02-02-04.wav
164,05,02,01,01,04,E:/RAVDESS_dataset/Audio_Song_Actors_01-24\Actor_04\03-02-05-02-01-01-04.wav
165,05,02,01,02,04,E:/RAVDESS_dataset/Audio_Song_Actors_01-24\Actor_04\03-02-05-02-01-02-04.wav
166,05,02,02,01,04,E:/RAVDESS_dataset/Audio_Song_Actors_01-24\Actor_04\03-02-05-02-02-01-04.wav
167,05,02,02,02,04,E:/RAVDESS_dataset/Audio_Song_Actors_01-24\Actor_04\03-02-05-02-02-02-04.wav
168,06,01,01,01,04,E:/RAVDESS_dataset/Audio_Song_Actors_01-24\Actor_04\03-02-06-01-01-01-04.wav
169,06,01,01,02,04,E:/RAVDESS_dataset/Audio_Song_Actors_01-24\Actor_04\03-02-06-01-01-02-04.wav
170,06,01,02,01,04,E:/RAVDESS_dataset/Audio_Song_Actors_01-24\Actor_04\03-02-06-01-02-01-04.wav
171,06,01,02,02,04,E:/RAVDESS_dataset/Audio_Song_Actors_01-24\Actor_04\03-02-06-01-02-02-04.wav
172,06,02,01,01,04,E:/RAVDESS_dataset/Audio_Song_Actors_01-24\Actor_04\03-02-06-02-01-01-04.wav
173,06,02,01,02,04,E:/RAVDESS_dataset/Audio_Song_Actors_01-24\Actor_04\03-02-06-02-01-02-04.wav
174,06,02,02,01,04,E:/RAVDESS_dataset/Audio_Song_Actors_01-24\Actor_04\03-02-06-02-02-01-04.wav
175,06,02,02,02,04,E:/RAVDESS_dataset/Audio_Song_Actors_01-24\Actor_04\03-02-06-02-02-02-04.wav
176,01,01,01,01,05,E:/RAVDESS_dataset/Audio_Song_Actors_01-24\Actor_05\03-02-01-01-01-01-05.wav
177,01,01,01,02,05,E:/RAVDESS_dataset/Audio_Song_Actors_01-24\Actor_05\03-02-01-01-01-02-05.wav
178,01,01,02,01,05,E:/RAVDESS_dataset/Audio_Song_Actors_01-24\Actor_05\03-02-01-01-02-01-05.wav
179,01,01,02,02,05,E:/RAVDESS_dataset/Audio_Song_Actors_01-24\Actor_05\03-02-01-01-02-02-05.wav
180,02,01,01,01,05,E:/RAVDESS_dataset/Audio_Song_Actors_01-24\Actor_05\03-02-02-01-01-01-05.wav
181,02,01,01,02,05,E:/RAVDESS_dataset/Audio_Song_Actors_01-24\Actor_05\03-02-02-01-01-02-05.wav
182,02,01,02,01,05,E:/RAVDESS_dataset/Audio_Song_Actors_01-24\Actor_05\03-02-02-01-02-01-05.wav
183,02,01,02,02,05,E:/RAVDESS_dataset/Audio_Song_Actors_01-24\Actor_05\03-02-02-01-02-02-05.wav
184,02,02,01,01,05,E:/RAVDESS_dataset/Audio_Song_Actors_01-24\Actor_05\03-02-02-02-01-01-05.wav
185,02,02,01,02,05,E:/RAVDESS_dataset/Audio_Song_Actors_01-24\Actor_05\03-02-02-02-01-02-05.wav
186,02,02,02,01,05,E:/RAVDESS_dataset/Audio_Song_Actors_01-24\Actor_05\03-02-02-02-02-01-05.wav
187,02,02,02,02,05,E:/RAVDESS_dataset/Audio_Song_Actors_01-24\Actor_05\03-02-02-02-02-02-05.wav
188,03,01,01,01,05,E:/RAVDESS_dataset/Audio_Song_Actors_01-24\Actor_05\03-02-03-01-01-01-05.wav
189,03,01,01,02,05,E:/RAVDESS_dataset/Audio_Song_Actors_01-24\Actor_05\03-02-03-01-01-02-05.wav
190,03,01,02,01,05,E:/RAVDESS_dataset/Audio_Song_Actors_01-24\Actor_05\03-02-03-01-02-01-05.wav
191,03,01,02,02,05,E:/RAVDESS_dataset/Audio_Song_Actors_01-24\Actor_05\03-02-03-01-02-02-05.wav
192,03,02,01,01,05,E:/RAVDESS_dataset/Audio_Song_Actors_01-24\Actor_05\03-02-03-02-01-01-05.wav
193,03,02,01,02,05,E:/RAVDESS_dataset/Audio_Song_Actors_01-24\Actor_05\03-02-03-02-01-02-05.wav
194,03,02,02,01,05,E:/RAVDESS_dataset/Audio_Song_Actors_01-24\Actor_05\03-02-03-02-02-01-05.wav
195,03,02,02,02,05,E:/RAVDESS_dataset/Audio_Song_Actors_01-24\Actor_05\03-02-03-02-02-02-05.wav
196,04,01,01,01,05,E:/RAVDESS_dataset/Audio_Song_Actors_01-24\Actor_05\03-02-04-01-01-01-05.wav
197,04,01,01,02,05,E:/RAVDESS_dataset/Audio_Song_Actors_01-24\Actor_05\03-02-04-01-01-02-05.wav
198,04,01,02,01,05,E:/RAVDESS_dataset/Audio_Song_Actors_01-24\Actor_05\03-02-04-01-02-01-05.wav
199,04,01,02,02,05,E:/RAVDESS_dataset/Audio_Song_Actors_01-24\Actor_05\03-02-04-01-02-02-05.wav
200,04,02,01,01,05,E:/RAVDESS_dataset/Audio_Song_Actors_01-24\Actor_05\03-02-04-02-01-01-05.wav
201,04,02,01,02,05,E:/RAVDESS_dataset/Audio_Song_Actors_01-24\Actor_05\03-02-04-02-01-02-05.wav
202,04,02,02,01,05,E:/RAVDESS_dataset/Audio_Song_Actors_01-24\Actor_05\03-02-04-02-02-01-05.wav
203,04,02,02,02,05,E:/RAVDESS_dataset/Audio_Song_Actors_01-24\Actor_05\03-02-04-02-02-02-05.wav
204,05,01,01,01,05,E:/RAVDESS_dataset/Audio_Song_Actors_01-24\Actor_05\03-02-05-01-01-01-05.wav
205,05,01,01,02,05,E:/RAVDESS_dataset/Audio_Song_Actors_01-24\Actor_05\03-02-05-01-01-02-05.wav
206,05,01,02,01,05,E:/RAVDESS_dataset/Audio_Song_Actors_01-24\Actor_05\03-02-05-01-02-01-05.wav
207,05,01,02,02,05,E:/RAVDESS_dataset/Audio_Song_Actors_01-24\Actor_05\03-02-05-01-02-02-05.wav
208,05,02,01,01,05,E:/RAVDESS_dataset/Audio_Song_Actors_01-24\Actor_05\03-02-05-02-01-01-05.wav
209,05,02,01,02,05,E:/RAVDESS_dataset/Audio_Song_Actors_01-24\Actor_05\03-02-05-02-01-02-05.wav
210,05,02,02,01,05,E:/RAVDESS_dataset/Audio_Song_Actors_01-24\Actor_05\03-02-05-02-02-01-05.wav
211,05,02,02,02,05,E:/RAVDESS_dataset/Audio_Song_Actors_01-24\Actor_05\03-02-05-02-02-02-05.wav
212,06,01,01,01,05,E:/RAVDESS_dataset/Audio_Song_Actors_01-24\Actor_05\03-02-06-01-01-01-05.wav
213,06,01,01,02,05,E:/RAVDESS_dataset/Audio_Song_Actors_01-24\Actor_05\03-02-06-01-01-02-05.wav
214,06,01,02,01,05,E:/RAVDESS_dataset/Audio_Song_Actors_01-24\Actor_05\03-02-06-01-02-01-05.wav
215,06,01,02,02,05,E:/RAVDESS_dataset/Audio_Song_Actors_01-24\Actor_05\03-02-06-01-02-02-05.wav
216,06,02,01,01,05,E:/RAVDESS_dataset/Audio_Song_Actors_01-24\Actor_05\03-02-06-02-01-01-05.wav
217,06,02,01,02,05,E:/RAVDESS_dataset/Audio_Song_Actors_01-24\Actor_05\03-02-06-02-01-02-05.wav
218,06,02,02,01,05,E:/RAVDESS_dataset/Audio_Song_Actors_01-24\Actor_05\03-02-06-02-02-01-05.wav
219,06,02,02,02,05,E:/RAVDESS_dataset/Audio_Song_Actors_01-24\Actor_05\03-02-06-02-02-02-05.wav
220,01,01,01,01,06,E:/RAVDESS_dataset/Audio_Song_Actors_01-24\Actor_06\03-02-01-01-01-01-06.wav
221,01,01,01,02,06,E:/RAVDESS_dataset/Audio_Song_Actors_01-24\Actor_06\03-02-01-01-01-02-06.wav
222,01,01,02,01,06,E:/RAVDESS_dataset/Audio_Song_Actors_01-24\Actor_06\03-02-01-01-02-01-06.wav
223,01,01,02,02,06,E:/RAVDESS_dataset/Audio_Song_Actors_01-24\Actor_06\03-02-01-01-02-02-06.wav
224,02,01,01,01,06,E:/RAVDESS_dataset/Audio_Song_Actors_01-24\Actor_06\03-02-02-01-01-01-06.wav
225,02,01,01,02,06,E:/RAVDESS_dataset/Audio_Song_Actors_01-24\Actor_06\03-02-02-01-01-02-06.wav
226,02,01,02,01,06,E:/RAVDESS_dataset/Audio_Song_Actors_01-24\Actor_06\03-02-02-01-02-01-06.wav
227,02,01,02,02,06,E:/RAVDESS_dataset/Audio_Song_Actors_01-24\Actor_06\03-02-02-01-02-02-06.wav
228,02,02,01,01,06,E:/RAVDESS_dataset/Audio_Song_Actors_01-24\Actor_06\03-02-02-02-01-01-06.wav
229,02,02,01,02,06,E:/RAVDESS_dataset/Audio_Song_Actors_01-24\Actor_06\03-02-02-02-01-02-06.wav
230,02,02,02,01,06,E:/RAVDESS_dataset/Audio_Song_Actors_01-24\Actor_06\03-02-02-02-02-01-06.wav
231,02,02,02,02,06,E:/RAVDESS_dataset/Audio_Song_Actors_01-24\Actor_06\03-02-02-02-02-02-06.wav
232,03,01,01,01,06,E:/RAVDESS_dataset/Audio_Song_Actors_01-24\Actor_06\03-02-03-01-01-01-06.wav
233,03,01,01,02,06,E:/RAVDESS_dataset/Audio_Song_Actors_01-24\Actor_06\03-02-03-01-01-02-06.wav
234,03,01,02,01,06,E:/RAVDESS_dataset/Audio_Song_Actors_01-24\Actor_06\03-02-03-01-02-01-06.wav
235,03,01,02,02,06,E:/RAVDESS_dataset/Audio_Song_Actors_01-24\Actor_06\03-02-03-01-02-02-06.wav
236,03,02,01,01,06,E:/RAVDESS_dataset/Audio_Song_Actors_01-24\Actor_06\03-02-03-02-01-01-06.wav
237,03,02,01,02,06,E:/RAVDESS_dataset/Audio_Song_Actors_01-24\Actor_06\03-02-03-02-01-02-06.wav
238,03,02,02,01,06,E:/RAVDESS_dataset/Audio_Song_Actors_01-24\Actor_06\03-02-03-02-02-01-06.wav
239,03,02,02,02,06,E:/RAVDESS_dataset/Audio_Song_Actors_01-24\Actor_06\03-02-03-02-02-02-06.wav
240,04,01,01,01,06,E:/RAVDESS_dataset/Audio_Song_Actors_01-24\Actor_06\03-02-04-01-01-01-06.wav
241,04,01,01,02,06,E:/RAVDESS_dataset/Audio_Song_Actors_01-24\Actor_06\03-02-04-01-01-02-06.wav
242,04,01,02,01,06,E:/RAVDESS_dataset/Audio_Song_Actors_01-24\Actor_06\03-02-04-01-02-01-06.wav
243,04,01,02,02,06,E:/RAVDESS_dataset/Audio_Song_Actors_01-24\Actor_06\03-02-04-01-02-02-06.wav
244,04,02,01,01,06,E:/RAVDESS_dataset/Audio_Song_Actors_01-24\Actor_06\03-02-04-02-01-01-06.wav
245,04,02,01,02,06,E:/RAVDESS_dataset/Audio_Song_Actors_01-24\Actor_06\03-02-04-02-01-02-06.wav
246,04,02,02,01,06,E:/RAVDESS_dataset/Audio_Song_Actors_01-24\Actor_06\03-02-04-02-02-01-06.wav
247,04,02,02,02,06,E:/RAVDESS_dataset/Audio_Song_Actors_01-24\Actor_06\03-02-04-02-02-02-06.wav
248,05,01,01,01,06,E:/RAVDESS_dataset/Audio_Song_Actors_01-24\Actor_06\03-02-05-01-01-01-06.wav
249,05,01,01,02,06,E:/RAVDESS_dataset/Audio_Song_Actors_01-24\Actor_06\03-02-05-01-01-02-06.wav
250,05,01,02,01,06,E:/RAVDESS_dataset/Audio_Song_Actors_01-24\Actor_06\03-02-05-01-02-01-06.wav
251,05,01,02,02,06,E:/RAVDESS_dataset/Audio_Song_Actors_01-24\Actor_06\03-02-05-01-02-02-06.wav
252,05,02,01,01,06,E:/RAVDESS_dataset/Audio_Song_Actors_01-24\Actor_06\03-02-05-02-01-01-06.wav
253,05,02,01,02,06,E:/RAVDESS_dataset/Audio_Song_Actors_01-24\Actor_06\03-02-05-02-01-02-06.wav
254,05,02,02,01,06,E:/RAVDESS_dataset/Audio_Song_Actors_01-24\Actor_06\03-02-05-02-02-01-06.wav
255,05,02,02,02,06,E:/RAVDESS_dataset/Audio_Song_Actors_01-24\Actor_06\03-02-05-02-02-02-06.wav
256,06,01,01,01,06,E:/RAVDESS_dataset/Audio_Song_Actors_01-24\Actor_06\03-02-06-01-01-01-06.wav
257,06,01,01,02,06,E:/RAVDESS_dataset/Audio_Song_Actors_01-24\Actor_06\03-02-06-01-01-02-06.wav
258,06,01,02,01,06,E:/RAVDESS_dataset/Audio_Song_Actors_01-24\Actor_06\03-02-06-01-02-01-06.wav
259,06,01,02,02,06,E:/RAVDESS_dataset/Audio_Song_Actors_01-24\Actor_06\03-02-06-01-02-02-06.wav
260,06,02,01,01,06,E:/RAVDESS_dataset/Audio_Song_Actors_01-24\Actor_06\03-02-06-02-01-01-06.wav
261,06,02,01,02,06,E:/RAVDESS_dataset/Audio_Song_Actors_01-24\Actor_06\03-02-06-02-01-02-06.wav
262,06,02,02,01,06,E:/RAVDESS_dataset/Audio_Song_Actors_01-24\Actor_06\03-02-06-02-02-01-06.wav
263,06,02,02,02,06,E:/RAVDESS_dataset/Audio_Song_Actors_01-24\Actor_06\03-02-06-02-02-02-06.wav
264,01,01,01,01,07,E:/RAVDESS_dataset/Audio_Song_Actors_01-24\Actor_07\03-02-01-01-01-01-07.wav
265,01,01,01,02,07,E:/RAVDESS_dataset/Audio_Song_Actors_01-24\Actor_07\03-02-01-01-01-02-07.wav
266,01,01,02,01,07,E:/RAVDESS_dataset/Audio_Song_Actors_01-24\Actor_07\03-02-01-01-02-01-07.wav
267,01,01,02,02,07,E:/RAVDESS_dataset/Audio_Song_Actors_01-24\Actor_07\03-02-01-01-02-02-07.wav
268,02,01,01,01,07,E:/RAVDESS_dataset/Audio_Song_Actors_01-24\Actor_07\03-02-02-01-01-01-07.wav
269,02,01,01,02,07,E:/RAVDESS_dataset/Audio_Song_Actors_01-24\Actor_07\03-02-02-01-01-02-07.wav
270,02,01,02,01,07,E:/RAVDESS_dataset/Audio_Song_Actors_01-24\Actor_07\03-02-02-01-02-01-07.wav
271,02,01,02,02,07,E:/RAVDESS_dataset/Audio_Song_Actors_01-24\Actor_07\03-02-02-01-02-02-07.wav
272,02,02,01,01,07,E:/RAVDESS_dataset/Audio_Song_Actors_01-24\Actor_07\03-02-02-02-01-01-07.wav
273,02,02,01,02,07,E:/RAVDESS_dataset/Audio_Song_Actors_01-24\Actor_07\03-02-02-02-01-02-07.wav
274,02,02,02,01,07,E:/RAVDESS_dataset/Audio_Song_Actors_01-24\Actor_07\03-02-02-02-02-01-07.wav
275,02,02,02,02,07,E:/RAVDESS_dataset/Audio_Song_Actors_01-24\Actor_07\03-02-02-02-02-02-07.wav
276,03,01,01,01,07,E:/RAVDESS_dataset/Audio_Song_Actors_01-24\Actor_07\03-02-03-01-01-01-07.wav
277,03,01,01,02,07,E:/RAVDESS_dataset/Audio_Song_Actors_01-24\Actor_07\03-02-03-01-01-02-07.wav
278,03,01,02,01,07,E:/RAVDESS_dataset/Audio_Song_Actors_01-24\Actor_07\03-02-03-01-02-01-07.wav
279,03,01,02,02,07,E:/RAVDESS_dataset/Audio_Song_Actors_01-24\Actor_07\03-02-03-01-02-02-07.wav
280,03,02,01,01,07,E:/RAVDESS_dataset/Audio_Song_Actors_01-24\Actor_07\03-02-03-02-01-01-07.wav
281,03,02,01,02,07,E:/RAVDESS_dataset/Audio_Song_Actors_01-24\Actor_07\03-02-03-02-01-02-07.wav
282,03,02,02,01,07,E:/RAVDESS_dataset/Audio_Song_Actors_01-24\Actor_07\03-02-03-02-02-01-07.wav
283,03,02,02,02,07,E:/RAVDESS_dataset/Audio_Song_Actors_01-24\Actor_07\03-02-03-02-02-02-07.wav
284,04,01,01,01,07,E:/RAVDESS_dataset/Audio_Song_Actors_01-24\Actor_07\03-02-04-01-01-01-07.wav
285,04,01,01,02,07,E:/RAVDESS_dataset/Audio_Song_Actors_01-24\Actor_07\03-02-04-01-01-02-07.wav
286,04,01,02,01,07,E:/RAVDESS_dataset/Audio_Song_Actors_01-24\Actor_07\03-02-04-01-02-01-07.wav
287,04,01,02,02,07,E:/RAVDESS_dataset/Audio_Song_Actors_01-24\Actor_07\03-02-04-01-02-02-07.wav
288,04,02,01,01,07,E:/RAVDESS_dataset/Audio_Song_Actors_01-24\Actor_07\03-02-04-02-01-01-07.wav
289,04,02,01,02,07,E:/RAVDESS_dataset/Audio_Song_Actors_01-24\Actor_07\03-02-04-02-01-02-07.wav
290,04,02,02,01,07,E:/RAVDESS_dataset/Audio_Song_Actors_01-24\Actor_07\03-02-04-02-02-01-07.wav
291,04,02,02,02,07,E:/RAVDESS_dataset/Audio_Song_Actors_01-24\Actor_07\03-02-04-02-02-02-07.wav
292,05,01,01,01,07,E:/RAVDESS_dataset/Audio_Song_Actors_01-24\Actor_07\03-02-05-01-01-01-07.wav
293,05,01,01,02,07,E:/RAVDESS_dataset/Audio_Song_Actors_01-24\Actor_07\03-02-05-01-01-02-07.wav
294,05,01,02,01,07,E:/RAVDESS_dataset/Audio_Song_Actors_01-24\Actor_07\03-02-05-01-02-01-07.wav
295,05,01,02,02,07,E:/RAVDESS_dataset/Audio_Song_Actors_01-24\Actor_07\03-02-05-01-02-02-07.wav
296,05,02,01,01,07,E:/RAVDESS_dataset/Audio_Song_Actors_01-24\Actor_07\03-02-05-02-01-01-07.wav
297,05,02,01,02,07,E:/RAVDESS_dataset/Audio_Song_Actors_01-24\Actor_07\03-02-05-02-01-02-07.wav
298,05,02,02,01,07,E:/RAVDESS_dataset/Audio_Song_Actors_01-24\Actor_07\03-02-05-02-02-01-07.wav
299,05,02,02,02,07,E:/RAVDESS_dataset/Audio_Song_Actors_01-24\Actor_07\03-02-05-02-02-02-07.wav
300,06,01,01,01,07,E:/RAVDESS_dataset/Audio_Song_Actors_01-24\Actor_07\03-02-06-01-01-01-07.wav
301,06,01,01,02,07,E:/RAVDESS_dataset/Audio_Song_Actors_01-24\Actor_07\03-02-06-01-01-02-07.wav
302,06,01,02,01,07,E:/RAVDESS_dataset/Audio_Song_Actors_01-24\Actor_07\03-02-06-01-02-01-07.wav
303,06,01,02,02,07,E:/RAVDESS_dataset/Audio_Song_Actors_01-24\Actor_07\03-02-06-01-02-02-07.wav
304,06,02,01,01,07,E:/RAVDESS_dataset/Audio_Song_Actors_01-24\Actor_07\03-02-06-02-01-01-07.wav
305,06,02,01,02,07,E:/RAVDESS_dataset/Audio_Song_Actors_01-24\Actor_07\03-02-06-02-01-02-07.wav
306,06,02,02,01,07,E:/RAVDESS_dataset/Audio_Song_Actors_01-24\Actor_07\03-02-06-02-02-01-07.wav
307,06,02,02,02,07,E:/RAVDESS_dataset/Audio_Song_Actors_01-24\Actor_07\03-02-06-02-02-02-07.wav
308,01,01,01,01,08,E:/RAVDESS_dataset/Audio_Song_Actors_01-24\Actor_08\03-02-01-01-01-01-08.wav
309,01,01,01,02,08,E:/RAVDESS_dataset/Audio_Song_Actors_01-24\Actor_08\03-02-01-01-01-02-08.wav
310,01,01,02,01,08,E:/RAVDESS_dataset/Audio_Song_Actors_01-24\Actor_08\03-02-01-01-02-01-08.wav
311,01,01,02,02,08,E:/RAVDESS_dataset/Audio_Song_Actors_01-24\Actor_08\03-02-01-01-02-02-08.wav
312,02,01,01,01,08,E:/RAVDESS_dataset/Audio_Song_Actors_01-24\Actor_08\03-02-02-01-01-01-08.wav
313,02,01,01,02,08,E:/RAVDESS_dataset/Audio_Song_Actors_01-24\Actor_08\03-02-02-01-01-02-08.wav
314,02,01,02,01,08,E:/RAVDESS_dataset/Audio_Song_Actors_01-24\Actor_08\03-02-02-01-02-01-08.wav
315,02,01,02,02,08,E:/RAVDESS_dataset/Audio_Song_Actors_01-24\Actor_08\03-02-02-01-02-02-08.wav
316,02,02,01,01,08,E:/RAVDESS_dataset/Audio_Song_Actors_01-24\Actor_08\03-02-02-02-01-01-08.wav
317,02,02,01,02,08,E:/RAVDESS_dataset/Audio_Song_Actors_01-24\Actor_08\03-02-02-02-01-02-08.wav
318,02,02,02,01,08,E:/RAVDESS_dataset/Audio_Song_Actors_01-24\Actor_08\03-02-02-02-02-01-08.wav
319,02,02,02,02,08,E:/RAVDESS_dataset/Audio_Song_Actors_01-24\Actor_08\03-02-02-02-02-02-08.wav
320,03,01,01,01,08,E:/RAVDESS_dataset/Audio_Song_Actors_01-24\Actor_08\03-02-03-01-01-01-08.wav
321,03,01,01,02,08,E:/RAVDESS_dataset/Audio_Song_Actors_01-24\Actor_08\03-02-03-01-01-02-08.wav
322,03,01,02,01,08,E:/RAVDESS_dataset/Audio_Song_Actors_01-24\Actor_08\03-02-03-01-02-01-08.wav
323,03,01,02,02,08,E:/RAVDESS_dataset/Audio_Song_Actors_01-24\Actor_08\03-02-03-01-02-02-08.wav
324,03,02,01,01,08,E:/RAVDESS_dataset/Audio_Song_Actors_01-24\Actor_08\03-02-03-02-01-01-08.wav
325,03,02,01,02,08,E:/RAVDESS_dataset/Audio_Song_Actors_01-24\Actor_08\03-02-03-02-01-02-08.wav
326,03,02,02,01,08,E:/RAVDESS_dataset/Audio_Song_Actors_01-24\Actor_08\03-02-03-02-02-01-08.wav
327,03,02,02,02,08,E:/RAVDESS_dataset/Audio_Song_Actors_01-24\Actor_08\03-02-03-02-02-02-08.wav
328,04,01,01,01,08,E:/RAVDESS_dataset/Audio_Song_Actors_01-24\Actor_08\03-02-04-01-01-01-08.wav
329,04,01,01,02,08,E:/RAVDESS_dataset/Audio_Song_Actors_01-24\Actor_08\03-02-04-01-01-02-08.wav
330,04,01,02,01,08,E:/RAVDESS_dataset/Audio_Song_Actors_01-24\Actor_08\03-02-04-01-02-01-08.wav
331,04,01,02,02,08,E:/RAVDESS_dataset/Audio_Song_Actors_01-24\Actor_08\03-02-04-01-02-02-08.wav
332,04,02,01,01,08,E:/RAVDESS_dataset/Audio_Song_Actors_01-24\Actor_08\03-02-04-02-01-01-08.wav
333,04,02,01,02,08,E:/RAVDESS_dataset/Audio_Song_Actors_01-24\Actor_08\03-02-04-02-01-02-08.wav
334,04,02,02,01,08,E:/RAVDESS_dataset/Audio_Song_Actors_01-24\Actor_08\03-02-04-02-02-01-08.wav
335,04,02,02,02,08,E:/RAVDESS_dataset/Audio_Song_Actors_01-24\Actor_08\03-02-04-02-02-02-08.wav
336,05,01,01,01,08,E:/RAVDESS_dataset/Audio_Song_Actors_01-24\Actor_08\03-02-05-01-01-01-08.wav
337,05,01,01,02,08,E:/RAVDESS_dataset/Audio_Song_Actors_01-24\Actor_08\03-02-05-01-01-02-08.wav
338,05,01,02,01,08,E:/RAVDESS_dataset/Audio_Song_Actors_01-24\Actor_08\03-02-05-01-02-01-08.wav
339,05,01,02,02,08,E:/RAVDESS_dataset/Audio_Song_Actors_01-24\Actor_08\03-02-05-01-02-02-08.wav
340,05,02,01,01,08,E:/RAVDESS_dataset/Audio_Song_Actors_01-24\Actor_08\03-02-05-02-01-01-08.wav
341,05,02,01,02,08,E:/RAVDESS_dataset/Audio_Song_Actors_01-24\Actor_08\03-02-05-02-01-02-08.wav
342,05,02,02,01,08,E:/RAVDESS_dataset/Audio_Song_Actors_01-24\Actor_08\03-02-05-02-02-01-08.wav
343,05,02,02,02,08,E:/RAVDESS_dataset/Audio_Song_Actors_01-24\Actor_08\03-02-05-02-02-02-08.wav
344,06,01,01,01,08,E:/RAVDESS_dataset/Audio_Song_Actors_01-24\Actor_08\03-02-06-01-01-01-08.wav
345,06,01,01,02,08,E:/RAVDESS_dataset/Audio_Song_Actors_01-24\Actor_08\03-02-06-01-01-02-08.wav
346,06,01,02,01,08,E:/RAVDESS_dataset/Audio_Song_Actors_01-24\Actor_08\03-02-06-01-02-01-08.wav
347,06,01,02,02,08,E:/RAVDESS_dataset/Audio_Song_Actors_01-24\Actor_08\03-02-06-01-02-02-08.wav
348,06,02,01,01,08,E:/RAVDESS_dataset/Audio_Song_Actors_01-24\Actor_08\03-02-06-02-01-01-08.wav
349,06,02,01,02,08,E:/RAVDESS_dataset/Audio_Song_Actors_01-24\Actor_08\03-02-06-02-01-02-08.wav
350,06,02,02,01,08,E:/RAVDESS_dataset/Audio_Song_Actors_01-24\Actor_08\03-02-06-02-02-01-08.wav
351,06,02,02,02,08,E:/RAVDESS_dataset/Audio_Song_Actors_01-24\Actor_08\03-02-06-02-02-02-08.wav
352,01,01,01,01,09,E:/RAVDESS_dataset/Audio_Song_Actors_01-24\Actor_09\03-02-01-01-01-01-09.wav
353,01,01,01,02,09,E:/RAVDESS_dataset/Audio_Song_Actors_01-24\Actor_09\03-02-01-01-01-02-09.wav
354,01,01,02,01,09,E:/RAVDESS_dataset/Audio_Song_Actors_01-24\Actor_09\03-02-01-01-02-01-09.wav
355,01,01,02,02,09,E:/RAVDESS_dataset/Audio_Song_Actors_01-24\Actor_09\03-02-01-01-02-02-09.wav
356,02,01,01,01,09,E:/RAVDESS_dataset/Audio_Song_Actors_01-24\Actor_09\03-02-02-01-01-01-09.wav
357,02,01,01,02,09,E:/RAVDESS_dataset/Audio_Song_Actors_01-24\Actor_09\03-02-02-01-01-02-09.wav
358,02,01,02,01,09,E:/RAVDESS_dataset/Audio_Song_Actors_01-24\Actor_09\03-02-02-01-02-01-09.wav
359,02,01,02,02,09,E:/RAVDESS_dataset/Audio_Song_Actors_01-24\Actor_09\03-02-02-01-02-02-09.wav
360,02,02,01,01,09,E:/RAVDESS_dataset/Audio_Song_Actors_01-24\Actor_09\03-02-02-02-01-01-09.wav
361,02,02,01,02,09,E:/RAVDESS_dataset/Audio_Song_Actors_01-24\Actor_09\03-02-02-02-01-02-09.wav
362,02,02,02,01,09,E:/RAVDESS_dataset/Audio_Song_Actors_01-24\Actor_09\03-02-02-02-02-01-09.wav
363,02,02,02,02,09,E:/RAVDESS_dataset/Audio_Song_Actors_01-24\Actor_09\03-02-02-02-02-02-09.wav
364,03,01,01,01,09,E:/RAVDESS_dataset/Audio_Song_Actors_01-24\Actor_09\03-02-03-01-01-01-09.wav
365,03,01,01,02,09,E:/RAVDESS_dataset/Audio_Song_Actors_01-24\Actor_09\03-02-03-01-01-02-09.wav
366,03,01,02,01,09,E:/RAVDESS_dataset/Audio_Song_Actors_01-24\Actor_09\03-02-03-01-02-01-09.wav
367,03,01,02,02,09,E:/RAVDESS_dataset/Audio_Song_Actors_01-24\Actor_09\03-02-03-01-02-02-09.wav
368,03,02,01,01,09,E:/RAVDESS_dataset/Audio_Song_Actors_01-24\Actor_09\03-02-03-02-01-01-09.wav
369,03,02,01,02,09,E:/RAVDESS_dataset/Audio_Song_Actors_01-24\Actor_09\03-02-03-02-01-02-09.wav
370,03,02,02,01,09,E:/RAVDESS_dataset/Audio_Song_Actors_01-24\Actor_09\03-02-03-02-02-01-09.wav
371,03,02,02,02,09,E:/RAVDESS_dataset/Audio_Song_Actors_01-24\Actor_09\03-02-03-02-02-02-09.wav
372,04,01,01,01,09,E:/RAVDESS_dataset/Audio_Song_Actors_01-24\Actor_09\03-02-04-01-01-01-09.wav
373,04,01,01,02,09,E:/RAVDESS_dataset/Audio_Song_Actors_01-24\Actor_09\03-02-04-01-01-02-09.wav
374,04,01,02,01,09,E:/RAVDESS_dataset/Audio_Song_Actors_01-24\Actor_09\03-02-04-01-02-01-09.wav
375,04,01,02,02,09,E:/RAVDESS_dataset/Audio_Song_Actors_01-24\Actor_09\03-02-04-01-02-02-09.wav
376,04,02,01,01,09,E:/RAVDESS_dataset/Audio_Song_Actors_01-24\Actor_09\03-02-04-02-01-01-09.wav
377,04,02,01,02,09,E:/RAVDESS_dataset/Audio_Song_Actors_01-24\Actor_09\03-02-04-02-01-02-09.wav
378,04,02,02,01,09,E:/RAVDESS_dataset/Audio_Song_Actors_01-24\Actor_09\03-02-04-02-02-01-09.wav
379,04,02,02,02,09,E:/RAVDESS_dataset/Audio_Song_Actors_01-24\Actor_09\03-02-04-02-02-02-09.wav
380,05,01,01,01,09,E:/RAVDESS_dataset/Audio_Song_Actors_01-24\Actor_09\03-02-05-01-01-01-09.wav
381,05,01,01,02,09,E:/RAVDESS_dataset/Audio_Song_Actors_01-24\Actor_09\03-02-05-01-01-02-09.wav
382,05,01,02,01,09,E:/RAVDESS_dataset/Audio_Song_Actors_01-24\Actor_09\03-02-05-01-02-01-09.wav
383,05,01,02,02,09,E:/RAVDESS_dataset/Audio_Song_Actors_01-24\Actor_09\03-02-05-01-02-02-09.wav
384,05,02,01,01,09,E:/RAVDESS_dataset/Audio_Song_Actors_01-24\Actor_09\03-02-05-02-01-01-09.wav
385,05,02,01,02,09,E:/RAVDESS_dataset/Audio_Song_Actors_01-24\Actor_09\03-02-05-02-01-02-09.wav
386,05,02,02,01,09,E:/RAVDESS_dataset/Audio_Song_Actors_01-24\Actor_09\03-02-05-02-02-01-09.wav
387,05,02,02,02,09,E:/RAVDESS_dataset/Audio_Song_Actors_01-24\Actor_09\03-02-05-02-02-02-09.wav
388,06,01,01,01,09,E:/RAVDESS_dataset/Audio_Song_Actors_01-24\Actor_09\03-02-06-01-01-01-09.wav
389,06,01,01,02,09,E:/RAVDESS_dataset/Audio_Song_Actors_01-24\Actor_09\03-02-06-01-01-02-09.wav
390,06,01,02,01,09,E:/RAVDESS_dataset/Audio_Song_Actors_01-24\Actor_09\03-02-06-01-02-01-09.wav
391,06,01,02,02,09,E:/RAVDESS_dataset/Audio_Song_Actors_01-24\Actor_09\03-02-06-01-02-02-09.wav
392,06,02,01,01,09,E:/RAVDESS_dataset/Audio_Song_Actors_01-24\Actor_09\03-02-06-02-01-01-09.wav
393,06,02,01,02,09,E:/RAVDESS_dataset/Audio_Song_Actors_01-24\Actor_09\03-02-06-02-01-02-09.wav
394,06,02,02,01,09,E:/RAVDESS_dataset/Audio_Song_Actors_01-24\Actor_09\03-02-06-02-02-01-09.wav
395,06,02,02,02,09,E:/RAVDESS_dataset/Audio_Song_Actors_01-24\Actor_09\03-02-06-02-02-02-09.wav
396,01,01,01,01,10,E:/RAVDESS_dataset/Audio_Song_Actors_01-24\Actor_10\03-02-01-01-01-01-10.wav
397,01,01,01,02,10,E:/RAVDESS_dataset/Audio_Song_Actors_01-24\Actor_10\03-02-01-01-01-02-10.wav
398,01,01,02,01,10,E:/RAVDESS_dataset/Audio_Song_Actors_01-24\Actor_10\03-02-01-01-02-01-10.wav
399,01,01,02,02,10,E:/RAVDESS_dataset/Audio_Song_Actors_01-24\Actor_10\03-02-01-01-02-02-10.wav
400,02,01,01,01,10,E:/RAVDESS_dataset/Audio_Song_Actors_01-24\Actor_10\03-02-02-01-01-01-10.wav
401,02,01,01,02,10,E:/RAVDESS_dataset/Audio_Song_Actors_01-24\Actor_10\03-02-02-01-01-02-10.wav
402,02,01,02,01,10,E:/RAVDESS_dataset/Audio_Song_Actors_01-24\Actor_10\03-02-02-01-02-01-10.wav
403,02,01,02,02,10,E:/RAVDESS_dataset/Audio_Song_Actors_01-24\Actor_10\03-02-02-01-02-02-10.wav
404,02,02,01,01,10,E:/RAVDESS_dataset/Audio_Song_Actors_01-24\Actor_10\03-02-02-02-01-01-10.wav
405,02,02,01,02,10,E:/RAVDESS_dataset/Audio_Song_Actors_01-24\Actor_10\03-02-02-02-01-02-10.wav
406,02,02,02,01,10,E:/RAVDESS_dataset/Audio_Song_Actors_01-24\Actor_10\03-02-02-02-02-01-10.wav
407,02,02,02,02,10,E:/RAVDESS_dataset/Audio_Song_Actors_01-24\Actor_10\03-02-02-02-02-02-10.wav
408,03,01,01,01,10,E:/RAVDESS_dataset/Audio_Song_Actors_01-24\Actor_10\03-02-03-01-01-01-10.wav
409,03,01,01,02,10,E:/RAVDESS_dataset/Audio_Song_Actors_01-24\Actor_10\03-02-03-01-01-02-10.wav
410,03,01,02,01,10,E:/RAVDESS_dataset/Audio_Song_Actors_01-24\Actor_10\03-02-03-01-02-01-10.wav
411,03,01,02,02,10,E:/RAVDESS_dataset/Audio_Song_Actors_01-24\Actor_10\03-02-03-01-02-02-10.wav
412,03,02,01,01,10,E:/RAVDESS_dataset/Audio_Song_Actors_01-24\Actor_10\03-02-03-02-01-01-10.wav
413,03,02,01,02,10,E:/RAVDESS_dataset/Audio_Song_Actors_01-24\Actor_10\03-02-03-02-01-02-10.wav
414,03,02,02,01,10,E:/RAVDESS_dataset/Audio_Song_Actors_01-24\Actor_10\03-02-03-02-02-01-10.wav
415,03,02,02,02,10,E:/RAVDESS_dataset/Audio_Song_Actors_01-24\Actor_10\03-02-03-02-02-02-10.wav
416,04,01,01,01,10,E:/RAVDESS_dataset/Audio_Song_Actors_01-24\Actor_10\03-02-04-01-01-01-10.wav
417,04,01,01,02,10,E:/RAVDESS_dataset/Audio_Song_Actors_01-24\Actor_10\03-02-04-01-01-02-10.wav
418,04,01,02,01,10,E:/RAVDESS_dataset/Audio_Song_Actors_01-24\Actor_10\03-02-04-01-02-01-10.wav
419,04,01,02,02,10,E:/RAVDESS_dataset/Audio_Song_Actors_01-24\Actor_10\03-02-04-01-02-02-10.wav
420,04,02,01,01,10,E:/RAVDESS_dataset/Audio_Song_Actors_01-24\Actor_10\03-02-04-02-01-01-10.wav
421,04,02,01,02,10,E:/RAVDESS_dataset/Audio_Song_Actors_01-24\Actor_10\03-02-04-02-01-02-10.wav
422,04,02,02,01,10,E:/RAVDESS_dataset/Audio_Song_Actors_01-24\Actor_10\03-02-04-02-02-01-10.wav
423,04,02,02,02,10,E:/RAVDESS_dataset/Audio_Song_Actors_01-24\Actor_10\03-02-04-02-02-02-10.wav
424,05,01,01,01,10,E:/RAVDESS_dataset/Audio_Song_Actors_01-24\Actor_10\03-02-05-01-01-01-10.wav
425,05,01,01,02,10,E:/RAVDESS_dataset/Audio_Song_Actors_01-24\Actor_10\03-02-05-01-01-02-10.wav
426,05,01,02,01,10,E:/RAVDESS_dataset/Audio_Song_Actors_01-24\Actor_10\03-02-05-01-02-01-10.wav
427,05,01,02,02,10,E:/RAVDESS_dataset/Audio_Song_Actors_01-24\Actor_10\03-02-05-01-02-02-10.wav
428,05,02,01,01,10,E:/RAVDESS_dataset/Audio_Song_Actors_01-24\Actor_10\03-02-05-02-01-01-10.wav
429,05,02,01,02,10,E:/RAVDESS_dataset/Audio_Song_Actors_01-24\Actor_10\03-02-05-02-01-02-10.wav
430,05,02,02,01,10,E:/RAVDESS_dataset/Audio_Song_Actors_01-24\Actor_10\03-02-05-02-02-01-10.wav
431,05,02,02,02,10,E:/RAVDESS_dataset/Audio_Song_Actors_01-24\Actor_10\03-02-05-02-02-02-10.wav
432,06,01,01,01,10,E:/RAVDESS_dataset/Audio_Song_Actors_01-24\Actor_10\03-02-06-01-01-01-10.wav
433,06,01,01,02,10,E:/RAVDESS_dataset/Audio_Song_Actors_01-24\Actor_10\03-02-06-01-01-02-10.wav
434,06,01,02,01,10,E:/RAVDESS_dataset/Audio_Song_Actors_01-24\Actor_10\03-02-06-01-02-01-10.wav
435,06,01,02,02,10,E:/RAVDESS_dataset/Audio_Song_Actors_01-24\Actor_10\03-02-06-01-02-02-10.wav
436,06,02,01,01,10,E:/RAVDESS_dataset/Audio_Song_Actors_01-24\Actor_10\03-02-06-02-01-01-10.wav
437,06,02,01,02,10,E:/RAVDESS_dataset/Audio_Song_Actors_01-24\Actor_10\03-02-06-02-01-02-10.wav
438,06,02,02,01,10,E:/RAVDESS_dataset/Audio_Song_Actors_01-24\Actor_10\03-02-06-02-02-01-10.wav
439,06,02,02,02,10,E:/RAVDESS_dataset/Audio_Song_Actors_01-24\Actor_10\03-02-06-02-02-02-10.wav
440,01,01,01,01,11,E:/RAVDESS_dataset/Audio_Song_Actors_01-24\Actor_11\03-02-01-01-01-01-11.wav
441,01,01,01,02,11,E:/RAVDESS_dataset/Audio_Song_Actors_01-24\Actor_11\03-02-01-01-01-02-11.wav
442,01,01,02,01,11,E:/RAVDESS_dataset/Audio_Song_Actors_01-24\Actor_11\03-02-01-01-02-01-11.wav
443,01,01,02,02,11,E:/RAVDESS_dataset/Audio_Song_Actors_01-24\Actor_11\03-02-01-01-02-02-11.wav
444,02,01,01,01,11,E:/RAVDESS_dataset/Audio_Song_Actors_01-24\Actor_11\03-02-02-01-01-01-11.wav
445,02,01,01,02,11,E:/RAVDESS_dataset/Audio_Song_Actors_01-24\Actor_11\03-02-02-01-01-02-11.wav
446,02,01,02,01,11,E:/RAVDESS_dataset/Audio_Song_Actors_01-24\Actor_11\03-02-02-01-02-01-11.wav
447,02,01,02,02,11,E:/RAVDESS_dataset/Audio_Song_Actors_01-24\Actor_11\03-02-02-01-02-02-11.wav
448,02,02,01,01,11,E:/RAVDESS_dataset/Audio_Song_Actors_01-24\Actor_11\03-02-02-02-01-01-11.wav
449,02,02,01,02,11,E:/RAVDESS_dataset/Audio_Song_Actors_01-24\Actor_11\03-02-02-02-01-02-11.wav
450,02,02,02,01,11,E:/RAVDESS_dataset/Audio_Song_Actors_01-24\Actor_11\03-02-02-02-02-01-11.wav
451,02,02,02,02,11,E:/RAVDESS_dataset/Audio_Song_Actors_01-24\Actor_11\03-02-02-02-02-02-11.wav
452,03,01,01,01,11,E:/RAVDESS_dataset/Audio_Song_Actors_01-24\Actor_11\03-02-03-01-01-01-11.wav
453,03,01,01,02,11,E:/RAVDESS_dataset/Audio_Song_Actors_01-24\Actor_11\03-02-03-01-01-02-11.wav
454,03,01,02,01,11,E:/RAVDESS_dataset/Audio_Song_Actors_01-24\Actor_11\03-02-03-01-02-01-11.wav
455,03,01,02,02,11,E:/RAVDESS_dataset/Audio_Song_Actors_01-24\Actor_11\03-02-03-01-02-02-11.wav
456,03,02,01,01,11,E:/RAVDESS_dataset/Audio_Song_Actors_01-24\Actor_11\03-02-03-02-01-01-11.wav
457,03,02,01,02,11,E:/RAVDESS_dataset/Audio_Song_Actors_01-24\Actor_11\03-02-03-02-01-02-11.wav
458,03,02,02,01,11,E:/RAVDESS_dataset/Audio_Song_Actors_01-24\Actor_11\03-02-03-02-02-01-11.wav
459,03,02,02,02,11,E:/RAVDESS_dataset/Audio_Song_Actors_01-24\Actor_11\03-02-03-02-02-02-11.wav
460,04,01,01,01,11,E:/RAVDESS_dataset/Audio_Song_Actors_01-24\Actor_11\03-02-04-01-01-01-11.wav
461,04,01,01,02,11,E:/RAVDESS_dataset/Audio_Song_Actors_01-24\Actor_11\03-02-04-01-01-02-11.wav
462,04,01,02,01,11,E:/RAVDESS_dataset/Audio_Song_Actors_01-24\Actor_11\03-02-04-01-02-01-11.wav
463,04,01,02,02,11,E:/RAVDESS_dataset/Audio_Song_Actors_01-24\Actor_11\03-02-04-01-02-02-11.wav
464,04,02,01,01,11,E:/RAVDESS_dataset/Audio_Song_Actors_01-24\Actor_11\03-02-04-02-01-01-11.wav
465,04,02,01,02,11,E:/RAVDESS_dataset/Audio_Song_Actors_01-24\Actor_11\03-02-04-02-01-02-11.wav
466,04,02,02,01,11,E:/RAVDESS_dataset/Audio_Song_Actors_01-24\Actor_11\03-02-04-02-02-01-11.wav
467,04,02,02,02,11,E:/RAVDESS_dataset/Audio_Song_Actors_01-24\Actor_11\03-02-04-02-02-02-11.wav
468,05,01,01,01,11,E:/RAVDESS_dataset/Audio_Song_Actors_01-24\Actor_11\03-02-05-01-01-01-11.wav
469,05,01,01,02,11,E:/RAVDESS_dataset/Audio_Song_Actors_01-24\Actor_11\03-02-05-01-01-02-11.wav
470,05,01,02,01,11,E:/RAVDESS_dataset/Audio_Song_Actors_01-24\Actor_11\03-02-05-01-02-01-11.wav
471,05,01,02,02,11,E:/RAVDESS_dataset/Audio_Song_Actors_01-24\Actor_11\03-02-05-01-02-02-11.wav
472,05,02,01,01,11,E:/RAVDESS_dataset/Audio_Song_Actors_01-24\Actor_11\03-02-05-02-01-01-11.wav
473,05,02,01,02,11,E:/RAVDESS_dataset/Audio_Song_Actors_01-24\Actor_11\03-02-05-02-01-02-11.wav
474,05,02,02,01,11,E:/RAVDESS_dataset/Audio_Song_Actors_01-24\Actor_11\03-02-05-02-02-01-11.wav
475,05,02,02,02,11,E:/RAVDESS_dataset/Audio_Song_Actors_01-24\Actor_11\03-02-05-02-02-02-11.wav
476,06,01,01,01,11,E:/RAVDESS_dataset/Audio_Song_Actors_01-24\Actor_11\03-02-06-01-01-01-11.wav
477,06,01,01,02,11,E:/RAVDESS_dataset/Audio_Song_Actors_01-24\Actor_11\03-02-06-01-01-02-11.wav
478,06,01,02,01,11,E:/RAVDESS_dataset/Audio_Song_Actors_01-24\Actor_11\03-02-06-01-02-01-11.wav
479,06,01,02,02,11,E:/RAVDESS_dataset/Audio_Song_Actors_01-24\Actor_11\03-02-06-01-02-02-11.wav
480,06,02,01,01,11,E:/RAVDESS_dataset/Audio_Song_Actors_01-24\Actor_11\03-02-06-02-01-01-11.wav
481,06,02,01,02,11,E:/RAVDESS_dataset/Audio_Song_Actors_01-24\Actor_11\03-02-06-02-01-02-11.wav
482,06,02,02,01,11,E:/RAVDESS_dataset/Audio_Song_Actors_01-24\Actor_11\03-02-06-02-02-01-11.wav
483,06,02,02,02,11,E:/RAVDESS_dataset/Audio_Song_Actors_01-24\Actor_11\03-02-06-02-02-02-11.wav
484,01,01,01,01,12,E:/RAVDESS_dataset/Audio_Song_Actors_01-24\Actor_12\03-02-01-01-01-01-12.wav
485,01,01,01,02,12,E:/RAVDESS_dataset/Audio_Song_Actors_01-24\Actor_12\03-02-01-01-01-02-12.wav
486,01,01,02,01,12,E:/RAVDESS_dataset/Audio_Song_Actors_01-24\Actor_12\03-02-01-01-02-01-12.wav
487,01,01,02,02,12,E:/RAVDESS_dataset/Audio_Song_Actors_01-24\Actor_12\03-02-01-01-02-02-12.wav
488,02,01,01,01,12,E:/RAVDESS_dataset/Audio_Song_Actors_01-24\Actor_12\03-02-02-01-01-01-12.wav
489,02,01,01,02,12,E:/RAVDESS_dataset/Audio_Song_Actors_01-24\Actor_12\03-02-02-01-01-02-12.wav
490,02,01,02,01,12,E:/RAVDESS_dataset/Audio_Song_Actors_01-24\Actor_12\03-02-02-01-02-01-12.wav
491,02,01,02,02,12,E:/RAVDESS_dataset/Audio_Song_Actors_01-24\Actor_12\03-02-02-01-02-02-12.wav
492,02,02,01,01,12,E:/RAVDESS_dataset/Audio_Song_Actors_01-24\Actor_12\03-02-02-02-01-01-12.wav
493,02,02,01,02,12,E:/RAVDESS_dataset/Audio_Song_Actors_01-24\Actor_12\03-02-02-02-01-02-12.wav
494,02,02,02,01,12,E:/RAVDESS_dataset/Audio_Song_Actors_01-24\Actor_12\03-02-02-02-02-01-12.wav
495,02,02,02,02,12,E:/RAVDESS_dataset/Audio_Song_Actors_01-24\Actor_12\03-02-02-02-02-02-12.wav
496,03,01,01,01,12,E:/RAVDESS_dataset/Audio_Song_Actors_01-24\Actor_12\03-02-03-01-01-01-12.wav
497,03,01,01,02,12,E:/RAVDESS_dataset/Audio_Song_Actors_01-24\Actor_12\03-02-03-01-01-02-12.wav
498,03,01,02,01,12,E:/RAVDESS_dataset/Audio_Song_Actors_01-24\Actor_12\03-02-03-01-02-01-12.wav
499,03,01,02,02,12,E:/RAVDESS_dataset/Audio_Song_Actors_01-24\Actor_12\03-02-03-01-02-02-12.wav
500,03,02,01,01,12,E:/RAVDESS_dataset/Audio_Song_Actors_01-24\Actor_12\03-02-03-02-01-01-12.wav
501,03,02,01,02,12,E:/RAVDESS_dataset/Audio_Song_Actors_01-24\Actor_12\03-02-03-02-01-02-12.wav
502,03,02,02,01,12,E:/RAVDESS_dataset/Audio_Song_Actors_01-24\Actor_12\03-02-03-02-02-01-12.wav
503,03,02,02,02,12,E:/RAVDESS_dataset/Audio_Song_Actors_01-24\Actor_12\03-02-03-02-02-02-12.wav
504,04,01,01,01,12,E:/RAVDESS_dataset/Audio_Song_Actors_01-24\Actor_12\03-02-04-01-01-01-12.wav
505,04,01,01,02,12,E:/RAVDESS_dataset/Audio_Song_Actors_01-24\Actor_12\03-02-04-01-01-02-12.wav
506,04,01,02,01,12,E:/RAVDESS_dataset/Audio_Song_Actors_01-24\Actor_12\03-02-04-01-02-01-12.wav
507,04,01,02,02,12,E:/RAVDESS_dataset/Audio_Song_Actors_01-24\Actor_12\03-02-04-01-02-02-12.wav
508,04,02,01,01,12,E:/RAVDESS_dataset/Audio_Song_Actors_01-24\Actor_12\03-02-04-02-01-01-12.wav
509,04,02,01,02,12,E:/RAVDESS_dataset/Audio_Song_Actors_01-24\Actor_12\03-02-04-02-01-02-12.wav
510,04,02,02,01,12,E:/RAVDESS_dataset/Audio_Song_Actors_01-24\Actor_12\03-02-04-02-02-01-12.wav
511,04,02,02,02,12,E:/RAVDESS_dataset/Audio_Song_Actors_01-24\Actor_12\03-02-04-02-02-02-12.wav
512,05,01,01,01,12,E:/RAVDESS_dataset/Audio_Song_Actors_01-24\Actor_12\03-02-05-01-01-01-12.wav
513,05,01,01,02,12,E:/RAVDESS_dataset/Audio_Song_Actors_01-24\Actor_12\03-02-05-01-01-02-12.wav
514,05,01,02,01,12,E:/RAVDESS_dataset/Audio_Song_Actors_01-24\Actor_12\03-02-05-01-02-01-12.wav
515,05,01,02,02,12,E:/RAVDESS_dataset/Audio_Song_Actors_01-24\Actor_12\03-02-05-01-02-02-12.wav
516,05,02,01,01,12,E:/RAVDESS_dataset/Audio_Song_Actors_01-24\Actor_12\03-02-05-02-01-01-12.wav
517,05,02,01,02,12,E:/RAVDESS_dataset/Audio_Song_Actors_01-24\Actor_12\03-02-05-02-01-02-12.wav
518,05,02,02,01,12,E:/RAVDESS_dataset/Audio_Song_Actors_01-24\Actor_12\03-02-05-02-02-01-12.wav
519,05,02,02,02,12,E:/RAVDESS_dataset/Audio_Song_Actors_01-24\Actor_12\03-02-05-02-02-02-12.wav
520,06,01,01,01,12,E:/RAVDESS_dataset/Audio_Song_Actors_01-24\Actor_12\03-02-06-01-01-01-12.wav
521,06,01,01,02,12,E:/RAVDESS_dataset/Audio_Song_Actors_01-24\Actor_12\03-02-06-01-01-02-12.wav
522,06,01,02,01,12,E:/RAVDESS_dataset/Audio_Song_Actors_01-24\Actor_12\03-02-06-01-02-01-12.wav
523,06,01,02,02,12,E:/RAVDESS_dataset/Audio_Song_Actors_01-24\Actor_12\03-02-06-01-02-02-12.wav
524,06,02,01,01,12,E:/RAVDESS_dataset/Audio_Song_Actors_01-24\Actor_12\03-02-06-02-01-01-12.wav
525,06,02,01,02,12,E:/RAVDESS_dataset/Audio_Song_Actors_01-24\Actor_12\03-02-06-02-01-02-12.wav
526,06,02,02,01,12,E:/RAVDESS_dataset/Audio_Song_Actors_01-24\Actor_12\03-02-06-02-02-01-12.wav
527,06,02,02,02,12,E:/RAVDESS_dataset/Audio_Song_Actors_01-24\Actor_12\03-02-06-02-02-02-12.wav
528,01,01,01,01,13,E:/RAVDESS_dataset/Audio_Song_Actors_01-24\Actor_13\03-02-01-01-01-01-13.wav
529,01,01,01,02,13,E:/RAVDESS_dataset/Audio_Song_Actors_01-24\Actor_13\03-02-01-01-01-02-13.wav
530,01,01,02,01,13,E:/RAVDESS_dataset/Audio_Song_Actors_01-24\Actor_13\03-02-01-01-02-01-13.wav
531,01,01,02,02,13,E:/RAVDESS_dataset/Audio_Song_Actors_01-24\Actor_13\03-02-01-01-02-02-13.wav
532,02,01,01,01,13,E:/RAVDESS_dataset/Audio_Song_Actors_01-24\Actor_13\03-02-02-01-01-01-13.wav
533,02,01,01,02,13,E:/RAVDESS_dataset/Audio_Song_Actors_01-24\Actor_13\03-02-02-01-01-02-13.wav
534,02,01,02,01,13,E:/RAVDESS_dataset/Audio_Song_Actors_01-24\Actor_13\03-02-02-01-02-01-13.wav
535,02,01,02,02,13,E:/RAVDESS_dataset/Audio_Song_Actors_01-24\Actor_13\03-02-02-01-02-02-13.wav
536,02,02,01,01,13,E:/RAVDESS_dataset/Audio_Song_Actors_01-24\Actor_13\03-02-02-02-01-01-13.wav
537,02,02,01,02,13,E:/RAVDESS_dataset/Audio_Song_Actors_01-24\Actor_13\03-02-02-02-01-02-13.wav
538,02,02,02,01,13,E:/RAVDESS_dataset/Audio_Song_Actors_01-24\Actor_13\03-02-02-02-02-01-13.wav
539,02,02,02,02,13,E:/RAVDESS_dataset/Audio_Song_Actors_01-24\Actor_13\03-02-02-02-02-02-13.wav
540,03,01,01,01,13,E:/RAVDESS_dataset/Audio_Song_Actors_01-24\Actor_13\03-02-03-01-01-01-13.wav
541,03,01,01,02,13,E:/RAVDESS_dataset/Audio_Song_Actors_01-24\Actor_13\03-02-03-01-01-02-13.wav
542,03,01,02,01,13,E:/RAVDESS_dataset/Audio_Song_Actors_01-24\Actor_13\03-02-03-01-02-01-13.wav
543,03,01,02,02,13,E:/RAVDESS_dataset/Audio_Song_Actors_01-24\Actor_13\03-02-03-01-02-02-13.wav
544,03,02,01,01,13,E:/RAVDESS_dataset/Audio_Song_Actors_01-24\Actor_13\03-02-03-02-01-01-13.wav
545,03,02,01,02,13,E:/RAVDESS_dataset/Audio_Song_Actors_01-24\Actor_13\03-02-03-02-01-02-13.wav
546,03,02,02,01,13,E:/RAVDESS_dataset/Audio_Song_Actors_01-24\Actor_13\03-02-03-02-02-01-13.wav
547,03,02,02,02,13,E:/RAVDESS_dataset/Audio_Song_Actors_01-24\Actor_13\03-02-03-02-02-02-13.wav
548,04,01,01,01,13,E:/RAVDESS_dataset/Audio_Song_Actors_01-24\Actor_13\03-02-04-01-01-01-13.wav
549,04,01,01,02,13,E:/RAVDESS_dataset/Audio_Song_Actors_01-24\Actor_13\03-02-04-01-01-02-13.wav
550,04,01,02,01,13,E:/RAVDESS_dataset/Audio_Song_Actors_01-24\Actor_13\03-02-04-01-02-01-13.wav
551,04,01,02,02,13,E:/RAVDESS_dataset/Audio_Song_Actors_01-24\Actor_13\03-02-04-01-02-02-13.wav
552,04,02,01,01,13,E:/RAVDESS_dataset/Audio_Song_Actors_01-24\Actor_13\03-02-04-02-01-01-13.wav
553,04,02,01,02,13,E:/RAVDESS_dataset/Audio_Song_Actors_01-24\Actor_13\03-02-04-02-01-02-13.wav
554,04,02,02,01,13,E:/RAVDESS_dataset/Audio_Song_Actors_01-24\Actor_13\03-02-04-02-02-01-13.wav
555,04,02,02,02,13,E:/RAVDESS_dataset/Audio_Song_Actors_01-24\Actor_13\03-02-04-02-02-02-13.wav
556,05,01,01,01,13,E:/RAVDESS_dataset/Audio_Song_Actors_01-24\Actor_13\03-02-05-01-01-01-13.wav
557,05,01,01,02,13,E:/RAVDESS_dataset/Audio_Song_Actors_01-24\Actor_13\03-02-05-01-01-02-13.wav
558,05,01,02,01,13,E:/RAVDESS_dataset/Audio_Song_Actors_01-24\Actor_13\03-02-05-01-02-01-13.wav
559,05,01,02,02,13,E:/RAVDESS_dataset/Audio_Song_Actors_01-24\Actor_13\03-02-05-01-02-02-13.wav
560,05,02,01,01,13,E:/RAVDESS_dataset/Audio_Song_Actors_01-24\Actor_13\03-02-05-02-01-01-13.wav
561,05,02,01,02,13,E:/RAVDESS_dataset/Audio_Song_Actors_01-24\Actor_13\03-02-05-02-01-02-13.wav
562,05,02,02,01,13,E:/RAVDESS_dataset/Audio_Song_Actors_01-24\Actor_13\03-02-05-02-02-01-13.wav
563,05,02,02,02,13,E:/RAVDESS_dataset/Audio_Song_Actors_01-24\Actor_13\03-02-05-02-02-02-13.wav
564,06,01,01,01,13,E:/RAVDESS_dataset/Audio_Song_Actors_01-24\Actor_13\03-02-06-01-01-01-13.wav
565,06,01,01,02,13,E:/RAVDESS_dataset/Audio_Song_Actors_01-24\Actor_13\03-02-06-01-01-02-13.wav
566,06,01,02,01,13,E:/RAVDESS_dataset/Audio_Song_Actors_01-24\Actor_13\03-02-06-01-02-01-13.wav
567,06,01,02,02,13,E:/RAVDESS_dataset/Audio_Song_Actors_01-24\Actor_13\03-02-06-01-02-02-13.wav
568,06,02,01,01,13,E:/RAVDESS_dataset/Audio_Song_Actors_01-24\Actor_13\03-02-06-02-01-01-13.wav
569,06,02,01,02,13,E:/RAVDESS_dataset/Audio_Song_Actors_01-24\Actor_13\03-02-06-02-01-02-13.wav
570,06,02,02,01,13,E:/RAVDESS_dataset/Audio_Song_Actors_01-24\Actor_13\03-02-06-02-02-01-13.wav
571,06,02,02,02,13,E:/RAVDESS_dataset/Audio_Song_Actors_01-24\Actor_13\03-02-06-02-02-02-13.wav
572,01,01,01,01,14,E:/RAVDESS_dataset/Audio_Song_Actors_01-24\Actor_14\03-02-01-01-01-01-14.wav
573,01,01,01,02,14,E:/RAVDESS_dataset/Audio_Song_Actors_01-24\Actor_14\03-02-01-01-01-02-14.wav
574,01,01,02,01,14,E:/RAVDESS_dataset/Audio_Song_Actors_01-24\Actor_14\03-02-01-01-02-01-14.wav
575,01,01,02,02,14,E:/RAVDESS_dataset/Audio_Song_Actors_01-24\Actor_14\03-02-01-01-02-02-14.wav
576,02,01,01,01,14,E:/RAVDESS_dataset/Audio_Song_Actors_01-24\Actor_14\03-02-02-01-01-01-14.wav
577,02,01,01,02,14,E:/RAVDESS_dataset/Audio_Song_Actors_01-24\Actor_14\03-02-02-01-01-02-14.wav
578,02,01,02,01,14,E:/RAVDESS_dataset/Audio_Song_Actors_01-24\Actor_14\03-02-02-01-02-01-14.wav
579,02,01,02,02,14,E:/RAVDESS_dataset/Audio_Song_Actors_01-24\Actor_14\03-02-02-01-02-02-14.wav
580,02,02,01,01,14,E:/RAVDESS_dataset/Audio_Song_Actors_01-24\Actor_14\03-02-02-02-01-01-14.wav
581,02,02,01,02,14,E:/RAVDESS_dataset/Audio_Song_Actors_01-24\Actor_14\03-02-02-02-01-02-14.wav
582,02,02,02,01,14,E:/RAVDESS_dataset/Audio_Song_Actors_01-24\Actor_14\03-02-02-02-02-01-14.wav
583,02,02,02,02,14,E:/RAVDESS_dataset/Audio_Song_Actors_01-24\Actor_14\03-02-02-02-02-02-14.wav
584,03,01,01,01,14,E:/RAVDESS_dataset/Audio_Song_Actors_01-24\Actor_14\03-02-03-01-01-01-14.wav
585,03,01,01,02,14,E:/RAVDESS_dataset/Audio_Song_Actors_01-24\Actor_14\03-02-03-01-01-02-14.wav
586,03,01,02,01,14,E:/RAVDESS_dataset/Audio_Song_Actors_01-24\Actor_14\03-02-03-01-02-01-14.wav
587,03,01,02,02,14,E:/RAVDESS_dataset/Audio_Song_Actors_01-24\Actor_14\03-02-03-01-02-02-14.wav
588,03,02,01,01,14,E:/RAVDESS_dataset/Audio_Song_Actors_01-24\Actor_14\03-02-03-02-01-01-14.wav
589,03,02,01,02,14,E:/RAVDESS_dataset/Audio_Song_Actors_01-24\Actor_14\03-02-03-02-01-02-14.wav
590,03,02,02,01,14,E:/RAVDESS_dataset/Audio_Song_Actors_01-24\Actor_14\03-02-03-02-02-01-14.wav
591,03,02,02,02,14,E:/RAVDESS_dataset/Audio_Song_Actors_01-24\Actor_14\03-02-03-02-02-02-14.wav
592,04,01,01,01,14,E:/RAVDESS_dataset/Audio_Song_Actors_01-24\Actor_14\03-02-04-01-01-01-14.wav
593,04,01,01,02,14,E:/RAVDESS_dataset/Audio_Song_Actors_01-24\Actor_14\03-02-04-01-01-02-14.wav
594,04,01,02,01,14,E:/RAVDESS_dataset/Audio_Song_Actors_01-24\Actor_14\03-02-04-01-02-01-14.wav
595,04,01,02,02,14,E:/RAVDESS_dataset/Audio_Song_Actors_01-24\Actor_14\03-02-04-01-02-02-14.wav
596,04,02,01,01,14,E:/RAVDESS_dataset/Audio_Song_Actors_01-24\Actor_14\03-02-04-02-01-01-14.wav
597,04,02,01,02,14,E:/RAVDESS_dataset/Audio_Song_Actors_01-24\Actor_14\03-02-04-02-01-02-14.wav
598,04,02,02,01,14,E:/RAVDESS_dataset/Audio_Song_Actors_01-24\Actor_14\03-02-04-02-02-01-14.wav
599,04,02,02,02,14,E:/RAVDESS_dataset/Audio_Song_Actors_01-24\Actor_14\03-02-04-02-02-02-14.wav
600,05,01,01,01,14,E:/RAVDESS_dataset/Audio_Song_Actors_01-24\Actor_14\03-02-05-01-01-01-14.wav
601,05,01,01,02,14,E:/RAVDESS_dataset/Audio_Song_Actors_01-24\Actor_14\03-02-05-01-01-02-14.wav
602,05,01,02,01,14,E:/RAVDESS_dataset/Audio_Song_Actors_01-24\Actor_14\03-02-05-01-02-01-14.wav
603,05,01,02,02,14,E:/RAVDESS_dataset/Audio_Song_Actors_01-24\Actor_14\03-02-05-01-02-02-14.wav
604,05,02,01,01,14,E:/RAVDESS_dataset/Audio_Song_Actors_01-24\Actor_14\03-02-05-02-01-01-14.wav
605,05,02,01,02,14,E:/RAVDESS_dataset/Audio_Song_Actors_01-24\Actor_14\03-02-05-02-01-02-14.wav
606,05,02,02,01,14,E:/RAVDESS_dataset/Audio_Song_Actors_01-24\Actor_14\03-02-05-02-02-01-14.wav
607,05,02,02,02,14,E:/RAVDESS_dataset/Audio_Song_Actors_01-24\Actor_14\03-02-05-02-02-02-14.wav
608,06,01,01,01,14,E:/RAVDESS_dataset/Audio_Song_Actors_01-24\Actor_14\03-02-06-01-01-01-14.wav
609,06,01,01,02,14,E:/RAVDESS_dataset/Audio_Song_Actors_01-24\Actor_14\03-02-06-01-01-02-14.wav
610,06,01,02,01,14,E:/RAVDESS_dataset/Audio_Song_Actors_01-24\Actor_14\03-02-06-01-02-01-14.wav
611,06,01,02,02,14,E:/RAVDESS_dataset/Audio_Song_Actors_01-24\Actor_14\03-02-06-01-02-02-14.wav
612,06,02,01,01,14,E:/RAVDESS_dataset/Audio_Song_Actors_01-24\Actor_14\03-02-06-02-01-01-14.wav
613,06,02,01,02,14,E:/RAVDESS_dataset/Audio_Song_Actors_01-24\Actor_14\03-02-06-02-01-02-14.wav
614,06,02,02,01,14,E:/RAVDESS_dataset/Audio_Song_Actors_01-24\Actor_14\03-02-06-02-02-01-14.wav
615,06,02,02,02,14,E:/RAVDESS_dataset/Audio_Song_Actors_01-24\Actor_14\03-02-06-02-02-02-14.wav
616,01,01,01,01,15,E:/RAVDESS_dataset/Audio_Song_Actors_01-24\Actor_15\03-02-01-01-01-01-15.wav
617,01,01,01,02,15,E:/RAVDESS_dataset/Audio_Song_Actors_01-24\Actor_15\03-02-01-01-01-02-15.wav
618,01,01,02,01,15,E:/RAVDESS_dataset/Audio_Song_Actors_01-24\Actor_15\03-02-01-01-02-01-15.wav
619,01,01,02,02,15,E:/RAVDESS_dataset/Audio_Song_Actors_01-24\Actor_15\03-02-01-01-02-02-15.wav
620,02,01,01,01,15,E:/RAVDESS_dataset/Audio_Song_Actors_01-24\Actor_15\03-02-02-01-01-01-15.wav
621,02,01,01,02,15,E:/RAVDESS_dataset/Audio_Song_Actors_01-24\Actor_15\03-02-02-01-01-02-15.wav
622,02,01,02,01,15,E:/RAVDESS_dataset/Audio_Song_Actors_01-24\Actor_15\03-02-02-01-02-01-15.wav
623,02,01,02,02,15,E:/RAVDESS_dataset/Audio_Song_Actors_01-24\Actor_15\03-02-02-01-02-02-15.wav
624,02,02,01,01,15,E:/RAVDESS_dataset/Audio_Song_Actors_01-24\Actor_15\03-02-02-02-01-01-15.wav
625,02,02,01,02,15,E:/RAVDESS_dataset/Audio_Song_Actors_01-24\Actor_15\03-02-02-02-01-02-15.wav
626,02,02,02,01,15,E:/RAVDESS_dataset/Audio_Song_Actors_01-24\Actor_15\03-02-02-02-02-01-15.wav
627,02,02,02,02,15,E:/RAVDESS_dataset/Audio_Song_Actors_01-24\Actor_15\03-02-02-02-02-02-15.wav
628,03,01,01,01,15,E:/RAVDESS_dataset/Audio_Song_Actors_01-24\Actor_15\03-02-03-01-01-01-15.wav
629,03,01,01,02,15,E:/RAVDESS_dataset/Audio_Song_Actors_01-24\Actor_15\03-02-03-01-01-02-15.wav
630,03,01,02,01,15,E:/RAVDESS_dataset/Audio_Song_Actors_01-24\Actor_15\03-02-03-01-02-01-15.wav
631,03,01,02,02,15,E:/RAVDESS_dataset/Audio_Song_Actors_01-24\Actor_15\03-02-03-01-02-02-15.wav
632,03,02,01,01,15,E:/RAVDESS_dataset/Audio_Song_Actors_01-24\Actor_15\03-02-03-02-01-01-15.wav
633,03,02,01,02,15,E:/RAVDESS_dataset/Audio_Song_Actors_01-24\Actor_15\03-02-03-02-01-02-15.wav
634,03,02,02,01,15,E:/RAVDESS_dataset/Audio_Song_Actors_01-24\Actor_15\03-02-03-02-02-01-15.wav
635,03,02,02,02,15,E:/RAVDESS_dataset/Audio_Song_Actors_01-24\Actor_15\03-02-03-02-02-02-15.wav
636,04,01,01,01,15,E:/RAVDESS_dataset/Audio_Song_Actors_01-24\Actor_15\03-02-04-01-01-01-15.wav
637,04,01,01,02,15,E:/RAVDESS_dataset/Audio_Song_Actors_01-24\Actor_15\03-02-04-01-01-02-15.wav
638,04,01,02,01,15,E:/RAVDESS_dataset/Audio_Song_Actors_01-24\Actor_15\03-02-04-01-02-01-15.wav
639,04,01,02,02,15,E:/RAVDESS_dataset/Audio_Song_Actors_01-24\Actor_15\03-02-04-01-02-02-15.wav
640,04,02,01,01,15,E:/RAVDESS_dataset/Audio_Song_Actors_01-24\Actor_15\03-02-04-02-01-01-15.wav
641,04,02,01,02,15,E:/RAVDESS_dataset/Audio_Song_Actors_01-24\Actor_15\03-02-04-02-01-02-15.wav
642,04,02,02,01,15,E:/RAVDESS_dataset/Audio_Song_Actors_01-24\Actor_15\03-02-04-02-02-01-15.wav
643,04,02,02,02,15,E:/RAVDESS_dataset/Audio_Song_Actors_01-24\Actor_15\03-02-04-02-02-02-15.wav
644,05,01,01,01,15,E:/RAVDESS_dataset/Audio_Song_Actors_01-24\Actor_15\03-02-05-01-01-01-15.wav
645,05,01,01,02,15,E:/RAVDESS_dataset/Audio_Song_Actors_01-24\Actor_15\03-02-05-01-01-02-15.wav
646,05,01,02,01,15,E:/RAVDESS_dataset/Audio_Song_Actors_01-24\Actor_15\03-02-05-01-02-01-15.wav
647,05,01,02,02,15,E:/RAVDESS_dataset/Audio_Song_Actors_01-24\Actor_15\03-02-05-01-02-02-15.wav
648,05,02,01,01,15,E:/RAVDESS_dataset/Audio_Song_Actors_01-24\Actor_15\03-02-05-02-01-01-15.wav
649,05,02,01,02,15,E:/RAVDESS_dataset/Audio_Song_Actors_01-24\Actor_15\03-02-05-02-01-02-15.wav
650,05,02,02,01,15,E:/RAVDESS_dataset/Audio_Song_Actors_01-24\Actor_15\03-02-05-02-02-01-15.wav
651,05,02,02,02,15,E:/RAVDESS_dataset/Audio_Song_Actors_01-24\Actor_15\03-02-05-02-02-02-15.wav
652,06,01,01,01,15,E:/RAVDESS_dataset/Audio_Song_Actors_01-24\Actor_15\03-02-06-01-01-01-15.wav
653,06,01,01,02,15,E:/RAVDESS_dataset/Audio_Song_Actors_01-24\Actor_15\03-02-06-01-01-02-15.wav
654,06,01,02,01,15,E:/RAVDESS_dataset/Audio_Song_Actors_01-24\Actor_15\03-02-06-01-02-01-15.wav
655,06,01,02,02,15,E:/RAVDESS_dataset/Audio_Song_Actors_01-24\Actor_15\03-02-06-01-02-02-15.wav
656,06,02,01,01,15,E:/RAVDESS_dataset/Audio_Song_Actors_01-24\Actor_15\03-02-06-02-01-01-15.wav
657,06,02,01,02,15,E:/RAVDESS_dataset/Audio_Song_Actors_01-24\Actor_15\03-02-06-02-01-02-15.wav
658,06,02,02,01,15,E:/RAVDESS_dataset/Audio_Song_Actors_01-24\Actor_15\03-02-06-02-02-01-15.wav
659,06,02,02,02,15,E:/RAVDESS_dataset/Audio_Song_Actors_01-24\Actor_15\03-02-06-02-02-02-15.wav
660,01,01,01,01,16,E:/RAVDESS_dataset/Audio_Song_Actors_01-24\Actor_16\03-02-01-01-01-01-16.wav
661,01,01,01,02,16,E:/RAVDESS_dataset/Audio_Song_Actors_01-24\Actor_16\03-02-01-01-01-02-16.wav
662,01,01,02,01,16,E:/RAVDESS_dataset/Audio_Song_Actors_01-24\Actor_16\03-02-01-01-02-01-16.wav
663,01,01,02,02,16,E:/RAVDESS_dataset/Audio_Song_Actors_01-24\Actor_16\03-02-01-01-02-02-16.wav
664,02,01,01,01,16,E:/RAVDESS_dataset/Audio_Song_Actors_01-24\Actor_16\03-02-02-01-01-01-16.wav
665,02,01,01,02,16,E:/RAVDESS_dataset/Audio_Song_Actors_01-24\Actor_16\03-02-02-01-01-02-16.wav
666,02,01,02,01,16,E:/RAVDESS_dataset/Audio_Song_Actors_01-24\Actor_16\03-02-02-01-02-01-16.wav
667,02,01,02,02,16,E:/RAVDESS_dataset/Audio_Song_Actors_01-24\Actor_16\03-02-02-01-02-02-16.wav
668,02,02,01,01,16,E:/RAVDESS_dataset/Audio_Song_Actors_01-24\Actor_16\03-02-02-02-01-01-16.wav
669,02,02,01,02,16,E:/RAVDESS_dataset/Audio_Song_Actors_01-24\Actor_16\03-02-02-02-01-02-16.wav
670,02,02,02,01,16,E:/RAVDESS_dataset/Audio_Song_Actors_01-24\Actor_16\03-02-02-02-02-01-16.wav
671,02,02,02,02,16,E:/RAVDESS_dataset/Audio_Song_Actors_01-24\Actor_16\03-02-02-02-02-02-16.wav
672,03,01,01,01,16,E:/RAVDESS_dataset/Audio_Song_Actors_01-24\Actor_16\03-02-03-01-01-01-16.wav
673,03,01,01,02,16,E:/RAVDESS_dataset/Audio_Song_Actors_01-24\Actor_16\03-02-03-01-01-02-16.wav
674,03,01,02,01,16,E:/RAVDESS_dataset/Audio_Song_Actors_01-24\Actor_16\03-02-03-01-02-01-16.wav
675,03,01,02,02,16,E:/RAVDESS_dataset/Audio_Song_Actors_01-24\Actor_16\03-02-03-01-02-02-16.wav
676,03,02,01,01,16,E:/RAVDESS_dataset/Audio_Song_Actors_01-24\Actor_16\03-02-03-02-01-01-16.wav
677,03,02,01,02,16,E:/RAVDESS_dataset/Audio_Song_Actors_01-24\Actor_16\03-02-03-02-01-02-16.wav
678,03,02,02,01,16,E:/RAVDESS_dataset/Audio_Song_Actors_01-24\Actor_16\03-02-03-02-02-01-16.wav
679,03,02,02,02,16,E:/RAVDESS_dataset/Audio_Song_Actors_01-24\Actor_16\03-02-03-02-02-02-16.wav
680,04,01,01,01,16,E:/RAVDESS_dataset/Audio_Song_Actors_01-24\Actor_16\03-02-04-01-01-01-16.wav
681,04,01,01,02,16,E:/RAVDESS_dataset/Audio_Song_Actors_01-24\Actor_16\03-02-04-01-01-02-16.wav
682,04,01,02,01,16,E:/RAVDESS_dataset/Audio_Song_Actors_01-24\Actor_16\03-02-04-01-02-01-16.wav
683,04,01,02,02,16,E:/RAVDESS_dataset/Audio_Song_Actors_01-24\Actor_16\03-02-04-01-02-02-16.wav
684,04,02,01,01,16,E:/RAVDESS_dataset/Audio_Song_Actors_01-24\Actor_16\03-02-04-02-01-01-16.wav
685,04,02,01,02,16,E:/RAVDESS_dataset/Audio_Song_Actors_01-24\Actor_16\03-02-04-02-01-02-16.wav
686,04,02,02,01,16,E:/RAVDESS_dataset/Audio_Song_Actors_01-24\Actor_16\03-02-04-02-02-01-16.wav
687,04,02,02,02,16,E:/RAVDESS_dataset/Audio_Song_Actors_01-24\Actor_16\03-02-04-02-02-02-16.wav
688,05,01,01,01,16,E:/RAVDESS_dataset/Audio_Song_Actors_01-24\Actor_16\03-02-05-01-01-01-16.wav
689,05,01,01,02,16,E:/RAVDESS_dataset/Audio_Song_Actors_01-24\Actor_16\03-02-05-01-01-02-16.wav
690,05,01,02,01,16,E:/RAVDESS_dataset/Audio_Song_Actors_01-24\Actor_16\03-02-05-01-02-01-16.wav
691,05,01,02,02,16,E:/RAVDESS_dataset/Audio_Song_Actors_01-24\Actor_16\03-02-05-01-02-02-16.wav
692,05,02,01,01,16,E:/RAVDESS_dataset/Audio_Song_Actors_01-24\Actor_16\03-02-05-02-01-01-16.wav
693,05,02,01,02,16,E:/RAVDESS_dataset/Audio_Song_Actors_01-24\Actor_16\03-02-05-02-01-02-16.wav
694,05,02,02,01,16,E:/RAVDESS_dataset/Audio_Song_Actors_01-24\Actor_16\03-02-05-02-02-01-16.wav
695,05,02,02,02,16,E:/RAVDESS_dataset/Audio_Song_Actors_01-24\Actor_16\03-02-05-02-02-02-16.wav
696,06,01,01,01,16,E:/RAVDESS_dataset/Audio_Song_Actors_01-24\Actor_16\03-02-06-01-01-01-16.wav
697,06,01,01,02,16,E:/RAVDESS_dataset/Audio_Song_Actors_01-24\Actor_16\03-02-06-01-01-02-16.wav
698,06,01,02,01,16,E:/RAVDESS_dataset/Audio_Song_Actors_01-24\Actor_16\03-02-06-01-02-01-16.wav
699,06,01,02,02,16,E:/RAVDESS_dataset/Audio_Song_Actors_01-24\Actor_16\03-02-06-01-02-02-16.wav
700,06,02,01,01,16,E:/RAVDESS_dataset/Audio_Song_Actors_01-24\Actor_16\03-02-06-02-01-01-16.wav
701,06,02,01,02,16,E:/RAVDESS_dataset/Audio_Song_Actors_01-24\Actor_16\03-02-06-02-01-02-16.wav
702,06,02,02,01,16,E:/RAVDESS_dataset/Audio_Song_Actors_01-24\Actor_16\03-02-06-02-02-01-16.wav
703,06,02,02,02,16,E:/RAVDESS_dataset/Audio_Song_Actors_01-24\Actor_16\03-02-06-02-02-02-16.wav
704,01,01,01,01,17,E:/RAVDESS_dataset/Audio_Song_Actors_01-24\Actor_17\03-02-01-01-01-01-17.wav
705,01,01,01,02,17,E:/RAVDESS_dataset/Audio_Song_Actors_01-24\Actor_17\03-02-01-01-01-02-17.wav
706,01,01,02,01,17,E:/RAVDESS_dataset/Audio_Song_Actors_01-24\Actor_17\03-02-01-01-02-01-17.wav
707,01,01,02,02,17,E:/RAVDESS_dataset/Audio_Song_Actors_01-24\Actor_17\03-02-01-01-02-02-17.wav
708,02,01,01,01,17,E:/RAVDESS_dataset/Audio_Song_Actors_01-24\Actor_17\03-02-02-01-01-01-17.wav
709,02,01,01,02,17,E:/RAVDESS_dataset/Audio_Song_Actors_01-24\Actor_17\03-02-02-01-01-02-17.wav
710,02,01,02,01,17,E:/RAVDESS_dataset/Audio_Song_Actors_01-24\Actor_17\03-02-02-01-02-01-17.wav
711,02,01,02,02,17,E:/RAVDESS_dataset/Audio_Song_Actors_01-24\Actor_17\03-02-02-01-02-02-17.wav
712,02,02,01,01,17,E:/RAVDESS_dataset/Audio_Song_Actors_01-24\Actor_17\03-02-02-02-01-01-17.wav
713,02,02,01,02,17,E:/RAVDESS_dataset/Audio_Song_Actors_01-24\Actor_17\03-02-02-02-01-02-17.wav
714,02,02,02,01,17,E:/RAVDESS_dataset/Audio_Song_Actors_01-24\Actor_17\03-02-02-02-02-01-17.wav
715,02,02,02,02,17,E:/RAVDESS_dataset/Audio_Song_Actors_01-24\Actor_17\03-02-02-02-02-02-17.wav
716,03,01,01,01,17,E:/RAVDESS_dataset/Audio_Song_Actors_01-24\Actor_17\03-02-03-01-01-01-17.wav
717,03,01,01,02,17,E:/RAVDESS_dataset/Audio_Song_Actors_01-24\Actor_17\03-02-03-01-01-02-17.wav
718,03,01,02,01,17,E:/RAVDESS_dataset/Audio_Song_Actors_01-24\Actor_17\03-02-03-01-02-01-17.wav
719,03,01,02,02,17,E:/RAVDESS_dataset/Audio_Song_Actors_01-24\Actor_17\03-02-03-01-02-02-17.wav
720,03,02,01,01,17,E:/RAVDESS_dataset/Audio_Song_Actors_01-24\Actor_17\03-02-03-02-01-01-17.wav
721,03,02,01,02,17,E:/RAVDESS_dataset/Audio_Song_Actors_01-24\Actor_17\03-02-03-02-01-02-17.wav
722,03,02,02,01,17,E:/RAVDESS_dataset/Audio_Song_Actors_01-24\Actor_17\03-02-03-02-02-01-17.wav
723,03,02,02,02,17,E:/RAVDESS_dataset/Audio_Song_Actors_01-24\Actor_17\03-02-03-02-02-02-17.wav
724,04,01,01,01,17,E:/RAVDESS_dataset/Audio_Song_Actors_01-24\Actor_17\03-02-04-01-01-01-17.wav
725,04,01,01,02,17,E:/RAVDESS_dataset/Audio_Song_Actors_01-24\Actor_17\03-02-04-01-01-02-17.wav
726,04,01,02,01,17,E:/RAVDESS_dataset/Audio_Song_Actors_01-24\Actor_17\03-02-04-01-02-01-17.wav
727,04,01,02,02,17,E:/RAVDESS_dataset/Audio_Song_Actors_01-24\Actor_17\03-02-04-01-02-02-17.wav
728,04,02,01,01,17,E:/RAVDESS_dataset/Audio_Song_Actors_01-24\Actor_17\03-02-04-02-01-01-17.wav
729,04,02,01,02,17,E:/RAVDESS_dataset/Audio_Song_Actors_01-24\Actor_17\03-02-04-02-01-02-17.wav
730,04,02,02,01,17,E:/RAVDESS_dataset/Audio_Song_Actors_01-24\Actor_17\03-02-04-02-02-01-17.wav
731,04,02,02,02,17,E:/RAVDESS_dataset/Audio_Song_Actors_01-24\Actor_17\03-02-04-02-02-02-17.wav
732,05,01,01,01,17,E:/RAVDESS_dataset/Audio_Song_Actors_01-24\Actor_17\03-02-05-01-01-01-17.wav
733,05,01,01,02,17,E:/RAVDESS_dataset/Audio_Song_Actors_01-24\Actor_17\03-02-05-01-01-02-17.wav
734,05,01,02,01,17,E:/RAVDESS_dataset/Audio_Song_Actors_01-24\Actor_17\03-02-05-01-02-01-17.wav
735,05,01,02,02,17,E:/RAVDESS_dataset/Audio_Song_Actors_01-24\Actor_17\03-02-05-01-02-02-17.wav
736,05,02,01,01,17,E:/RAVDESS_dataset/Audio_Song_Actors_01-24\Actor_17\03-02-05-02-01-01-17.wav
737,05,02,01,02,17,E:/RAVDESS_dataset/Audio_Song_Actors_01-24\Actor_17\03-02-05-02-01-02-17.wav
738,05,02,02,01,17,E:/RAVDESS_dataset/Audio_Song_Actors_01-24\Actor_17\03-02-05-02-02-01-17.wav
739,05,02,02,02,17,E:/RAVDESS_dataset/Audio_Song_Actors_01-24\Actor_17\03-02-05-02-02-02-17.wav
740,06,01,01,01,17,E:/RAVDESS_dataset/Audio_Song_Actors_01-24\Actor_17\03-02-06-01-01-01-17.wav
741,06,01,01,02,17,E:/RAVDESS_dataset/Audio_Song_Actors_01-24\Actor_17\03-02-06-01-01-02-17.wav
742,06,01,02,01,17,E:/RAVDESS_dataset/Audio_Song_Actors_01-24\Actor_17\03-02-06-01-02-01-17.wav
743,06,01,02,02,17,E:/RAVDESS_dataset/Audio_Song_Actors_01-24\Actor_17\03-02-06-01-02-02-17.wav
744,06,02,01,01,17,E:/RAVDESS_dataset/Audio_Song_Actors_01-24\Actor_17\03-02-06-02-01-01-17.wav
745,06,02,01,02,17,E:/RAVDESS_dataset/Audio_Song_Actors_01-24\Actor_17\03-02-06-02-01-02-17.wav
746,06,02,02,01,17,E:/RAVDESS_dataset/Audio_Song_Actors_01-24\Actor_17\03-02-06-02-02-01-17.wav
747,06,02,02,02,17,E:/RAVDESS_dataset/Audio_Song_Actors_01-24\Actor_17\03-02-06-02-02-02-17.wav
748,01,01,01,01,19,E:/RAVDESS_dataset/Audio_Song_Actors_01-24\Actor_19\03-02-01-01-01-01-19.wav
749,01,01,01,02,19,E:/RAVDESS_dataset/Audio_Song_Actors_01-24\Actor_19\03-02-01-01-01-02-19.wav
750,01,01,02,01,19,E:/RAVDESS_dataset/Audio_Song_Actors_01-24\Actor_19\03-02-01-01-02-01-19.wav
751,01,01,02,02,19,E:/RAVDESS_dataset/Audio_Song_Actors_01-24\Actor_19\03-02-01-01-02-02-19.wav
752,02,01,01,01,19,E:/RAVDESS_dataset/Audio_Song_Actors_01-24\Actor_19\03-02-02-01-01-01-19.wav
753,02,01,01,02,19,E:/RAVDESS_dataset/Audio_Song_Actors_01-24\Actor_19\03-02-02-01-01-02-19.wav
754,02,01,02,01,19,E:/RAVDESS_dataset/Audio_Song_Actors_01-24\Actor_19\03-02-02-01-02-01-19.wav
755,02,01,02,02,19,E:/RAVDESS_dataset/Audio_Song_Actors_01-24\Actor_19\03-02-02-01-02-02-19.wav
756,02,02,01,01,19,E:/RAVDESS_dataset/Audio_Song_Actors_01-24\Actor_19\03-02-02-02-01-01-19.wav
757,02,02,01,02,19,E:/RAVDESS_dataset/Audio_Song_Actors_01-24\Actor_19\03-02-02-02-01-02-19.wav
758,02,02,02,01,19,E:/RAVDESS_dataset/Audio_Song_Actors_01-24\Actor_19\03-02-02-02-02-01-19.wav
759,02,02,02,02,19,E:/RAVDESS_dataset/Audio_Song_Actors_01-24\Actor_19\03-02-02-02-02-02-19.wav
760,03,01,01,01,19,E:/RAVDESS_dataset/Audio_Song_Actors_01-24\Actor_19\03-02-03-01-01-01-19.wav
761,03,01,01,02,19,E:/RAVDESS_dataset/Audio_Song_Actors_01-24\Actor_19\03-02-03-01-01-02-19.wav
762,03,01,02,01,19,E:/RAVDESS_dataset/Audio_Song_Actors_01-24\Actor_19\03-02-03-01-02-01-19.wav
763,03,01,02,02,19,E:/RAVDESS_dataset/Audio_Song_Actors_01-24\Actor_19\03-02-03-01-02-02-19.wav
764,03,02,01,01,19,E:/RAVDESS_dataset/Audio_Song_Actors_01-24\Actor_19\03-02-03-02-01-01-19.wav
765,03,02,01,02,19,E:/RAVDESS_dataset/Audio_Song_Actors_01-24\Actor_19\03-02-03-02-01-02-19.wav
766,03,02,02,01,19,E:/RAVDESS_dataset/Audio_Song_Actors_01-24\Actor_19\03-02-03-02-02-01-19.wav
767,03,02,02,02,19,E:/RAVDESS_dataset/Audio_Song_Actors_01-24\Actor_19\03-02-03-02-02-02-19.wav
768,04,01,01,01,19,E:/RAVDESS_dataset/Audio_Song_Actors_01-24\Actor_19\03-02-04-01-01-01-19.wav
769,04,01,01,02,19,E:/RAVDESS_dataset/Audio_Song_Actors_01-24\Actor_19\03-02-04-01-01-02-19.wav
770,04,01,02,01,19,E:/RAVDESS_dataset/Audio_Song_Actors_01-24\Actor_19\03-02-04-01-02-01-19.wav
771,04,01,02,02,19,E:/RAVDESS_dataset/Audio_Song_Actors_01-24\Actor_19\03-02-04-01-02-02-19.wav
772,04,02,01,01,19,E:/RAVDESS_dataset/Audio_Song_Actors_01-24\Actor_19\03-02-04-02-01-01-19.wav
773,04,02,01,02,19,E:/RAVDESS_dataset/Audio_Song_Actors_01-24\Actor_19\03-02-04-02-01-02-19.wav
774,04,02,02,01,19,E:/RAVDESS_dataset/Audio_Song_Actors_01-24\Actor_19\03-02-04-02-02-01-19.wav
775,04,02,02,02,19,E:/RAVDESS_dataset/Audio_Song_Actors_01-24\Actor_19\03-02-04-02-02-02-19.wav
776,05,01,01,01,19,E:/RAVDESS_dataset/Audio_Song_Actors_01-24\Actor_19\03-02-05-01-01-01-19.wav
777,05,01,01,02,19,E:/RAVDESS_dataset/Audio_Song_Actors_01-24\Actor_19\03-02-05-01-01-02-19.wav
778,05,01,02,01,19,E:/RAVDESS_dataset/Audio_Song_Actors_01-24\Actor_19\03-02-05-01-02-01-19.wav
779,05,01,02,02,19,E:/RAVDESS_dataset/Audio_Song_Actors_01-24\Actor_19\03-02-05-01-02-02-19.wav
780,05,02,01,01,19,E:/RAVDESS_dataset/Audio_Song_Actors_01-24\Actor_19\03-02-05-02-01-01-19.wav
781,05,02,01,02,19,E:/RAVDESS_dataset/Audio_Song_Actors_01-24\Actor_19\03-02-05-02-01-02-19.wav
782,05,02,02,01,19,E:/RAVDESS_dataset/Audio_Song_Actors_01-24\Actor_19\03-02-05-02-02-01-19.wav
783,05,02,02,02,19,E:/RAVDESS_dataset/Audio_Song_Actors_01-24\Actor_19\03-02-05-02-02-02-19.wav
784,06,01,01,01,19,E:/RAVDESS_dataset/Audio_Song_Actors_01-24\Actor_19\03-02-06-01-01-01-19.wav
785,06,01,01,02,19,E:/RAVDESS_dataset/Audio_Song_Actors_01-24\Actor_19\03-02-06-01-01-02-19.wav
786,06,01,02,01,19,E:/RAVDESS_dataset/Audio_Song_Actors_01-24\Actor_19\03-02-06-01-02-01-19.wav
787,06,01,02,02,19,E:/RAVDESS_dataset/Audio_Song_Actors_01-24\Actor_19\03-02-06-01-02-02-19.wav
788,06,02,01,01,19,E:/RAVDESS_dataset/Audio_Song_Actors_01-24\Actor_19\03-02-06-02-01-01-19.wav
789,06,02,01,02,19,E:/RAVDESS_dataset/Audio_Song_Actors_01-24\Actor_19\03-02-06-02-01-02-19.wav
790,06,02,02,01,19,E:/RAVDESS_dataset/Audio_Song_Actors_01-24\Actor_19\03-02-06-02-02-01-19.wav
791,06,02,02,02,19,E:/RAVDESS_dataset/Audio_Song_Actors_01-24\Actor_19\03-02-06-02-02-02-19.wav
792,01,01,01,01,20,E:/RAVDESS_dataset/Audio_Song_Actors_01-24\Actor_20\03-02-01-01-01-01-20.wav
793,01,01,01,02,20,E:/RAVDESS_dataset/Audio_Song_Actors_01-24\Actor_20\03-02-01-01-01-02-20.wav
794,01,01,02,01,20,E:/RAVDESS_dataset/Audio_Song_Actors_01-24\Actor_20\03-02-01-01-02-01-20.wav
795,01,01,02,02,20,E:/RAVDESS_dataset/Audio_Song_Actors_01-24\Actor_20\03-02-01-01-02-02-20.wav
796,02,01,01,01,20,E:/RAVDESS_dataset/Audio_Song_Actors_01-24\Actor_20\03-02-02-01-01-01-20.wav
797,02,01,01,02,20,E:/RAVDESS_dataset/Audio_Song_Actors_01-24\Actor_20\03-02-02-01-01-02-20.wav
798,02,01,02,01,20,E:/RAVDESS_dataset/Audio_Song_Actors_01-24\Actor_20\03-02-02-01-02-01-20.wav
799,02,01,02,02,20,E:/RAVDESS_dataset/Audio_Song_Actors_01-24\Actor_20\03-02-02-01-02-02-20.wav
800,02,02,01,01,20,E:/RAVDESS_dataset/Audio_Song_Actors_01-24\Actor_20\03-02-02-02-01-01-20.wav
801,02,02,01,02,20,E:/RAVDESS_dataset/Audio_Song_Actors_01-24\Actor_20\03-02-02-02-01-02-20.wav
802,02,02,02,01,20,E:/RAVDESS_dataset/Audio_Song_Actors_01-24\Actor_20\03-02-02-02-02-01-20.wav
803,02,02,02,02,20,E:/RAVDESS_dataset/Audio_Song_Actors_01-24\Actor_20\03-02-02-02-02-02-20.wav
804,03,01,01,01,20,E:/RAVDESS_dataset/Audio_Song_Actors_01-24\Actor_20\03-02-03-01-01-01-20.wav
805,03,01,01,02,20,E:/RAVDESS_dataset/Audio_Song_Actors_01-24\Actor_20\03-02-03-01-01-02-20.wav
806,03,01,02,01,20,E:/RAVDESS_dataset/Audio_Song_Actors_01-24\Actor_20\03-02-03-01-02-01-20.wav
807,03,01,02,02,20,E:/RAVDESS_dataset/Audio_Song_Actors_01-24\Actor_20\03-02-03-01-02-02-20.wav
808,03,02,01,01,20,E:/RAVDESS_dataset/Audio_Song_Actors_01-24\Actor_20\03-02-03-02-01-01-20.wav
809,03,02,01,02,20,E:/RAVDESS_dataset/Audio_Song_Actors_01-24\Actor_20\03-02-03-02-01-02-20.wav
810,03,02,02,01,20,E:/RAVDESS_dataset/Audio_Song_Actors_01-24\Actor_20\03-02-03-02-02-01-20.wav
811,03,02,02,02,20,E:/RAVDESS_dataset/Audio_Song_Actors_01-24\Actor_20\03-02-03-02-02-02-20.wav
812,04,01,01,01,20,E:/RAVDESS_dataset/Audio_Song_Actors_01-24\Actor_20\03-02-04-01-01-01-20.wav
813,04,01,01,02,20,E:/RAVDESS_dataset/Audio_Song_Actors_01-24\Actor_20\03-02-04-01-01-02-20.wav
814,04,01,02,01,20,E:/RAVDESS_dataset/Audio_Song_Actors_01-24\Actor_20\03-02-04-01-02-01-20.wav
815,04,01,02,02,20,E:/RAVDESS_dataset/Audio_Song_Actors_01-24\Actor_20\03-02-04-01-02-02-20.wav
816,04,02,01,01,20,E:/RAVDESS_dataset/Audio_Song_Actors_01-24\Actor_20\03-02-04-02-01-01-20.wav
817,04,02,01,02,20,E:/RAVDESS_dataset/Audio_Song_Actors_01-24\Actor_20\03-02-04-02-01-02-20.wav
818,04,02,02,01,20,E:/RAVDESS_dataset/Audio_Song_Actors_01-24\Actor_20\03-02-04-02-02-01-20.wav
819,04,02,02,02,20,E:/RAVDESS_dataset/Audio_Song_Actors_01-24\Actor_20\03-02-04-02-02-02-20.wav
820,05,01,01,01,20,E:/RAVDESS_dataset/Audio_Song_Actors_01-24\Actor_20\03-02-05-01-01-01-20.wav
821,05,01,01,02,20,E:/RAVDESS_dataset/Audio_Song_Actors_01-24\Actor_20\03-02-05-01-01-02-20.wav
822,05,01,02,01,20,E:/RAVDESS_dataset/Audio_Song_Actors_01-24\Actor_20\03-02-05-01-02-01-20.wav
823,05,01,02,02,20,E:/RAVDESS_dataset/Audio_Song_Actors_01-24\Actor_20\03-02-05-01-02-02-20.wav
824,05,02,01,01,20,E:/RAVDESS_dataset/Audio_Song_Actors_01-24\Actor_20\03-02-05-02-01-01-20.wav
825,05,02,01,02,20,E:/RAVDESS_dataset/Audio_Song_Actors_01-24\Actor_20\03-02-05-02-01-02-20.wav
826,05,02,02,01,20,E:/RAVDESS_dataset/Audio_Song_Actors_01-24\Actor_20\03-02-05-02-02-01-20.wav
827,05,02,02,02,20,E:/RAVDESS_dataset/Audio_Song_Actors_01-24\Actor_20\03-02-05-02-02-02-20.wav
828,06,01,01,01,20,E:/RAVDESS_dataset/Audio_Song_Actors_01-24\Actor_20\03-02-06-01-01-01-20.wav
829,06,01,01,02,20,E:/RAVDESS_dataset/Audio_Song_Actors_01-24\Actor_20\03-02-06-01-01-02-20.wav
830,06,01,02,01,20,E:/RAVDESS_dataset/Audio_Song_Actors_01-24\Actor_20\03-02-06-01-02-01-20.wav
831,06,01,02,02,20,E:/RAVDESS_dataset/Audio_Song_Actors_01-24\Actor_20\03-02-06-01-02-02-20.wav
832,06,02,01,01,20,E:/RAVDESS_dataset/Audio_Song_Actors_01-24\Actor_20\03-02-06-02-01-01-20.wav
833,06,02,01,02,20,E:/RAVDESS_dataset/Audio_Song_Actors_01-24\Actor_20\03-02-06-02-01-02-20.wav
834,06,02,02,01,20,E:/RAVDESS_dataset/Audio_Song_Actors_01-24\Actor_20\03-02-06-02-02-01-20.wav
835,06,02,02,02,20,E:/RAVDESS_dataset/Audio_Song_Actors_01-24\Actor_20\03-02-06-02-02-02-20.wav
836,01,01,01,01,21,E:/RAVDESS_dataset/Audio_Song_Actors_01-24\Actor_21\03-02-01-01-01-01-21.wav
837,01,01,01,02,21,E:/RAVDESS_dataset/Audio_Song_Actors_01-24\Actor_21\03-02-01-01-01-02-21.wav
838,01,01,02,01,21,E:/RAVDESS_dataset/Audio_Song_Actors_01-24\Actor_21\03-02-01-01-02-01-21.wav
839,01,01,02,02,21,E:/RAVDESS_dataset/Audio_Song_Actors_01-24\Actor_21\03-02-01-01-02-02-21.wav
840,02,01,01,01,21,E:/RAVDESS_dataset/Audio_Song_Actors_01-24\Actor_21\03-02-02-01-01-01-21.wav
841,02,01,01,02,21,E:/RAVDESS_dataset/Audio_Song_Actors_01-24\Actor_21\03-02-02-01-01-02-21.wav
842,02,01,02,01,21,E:/RAVDESS_dataset/Audio_Song_Actors_01-24\Actor_21\03-02-02-01-02-01-21.wav
843,02,01,02,02,21,E:/RAVDESS_dataset/Audio_Song_Actors_01-24\Actor_21\03-02-02-01-02-02-21.wav
844,02,02,01,01,21,E:/RAVDESS_dataset/Audio_Song_Actors_01-24\Actor_21\03-02-02-02-01-01-21.wav
845,02,02,01,02,21,E:/RAVDESS_dataset/Audio_Song_Actors_01-24\Actor_21\03-02-02-02-01-02-21.wav
846,02,02,02,01,21,E:/RAVDESS_dataset/Audio_Song_Actors_01-24\Actor_21\03-02-02-02-02-01-21.wav
847,02,02,02,02,21,E:/RAVDESS_dataset/Audio_Song_Actors_01-24\Actor_21\03-02-02-02-02-02-21.wav
848,03,01,01,01,21,E:/RAVDESS_dataset/Audio_Song_Actors_01-24\Actor_21\03-02-03-01-01-01-21.wav
849,03,01,01,02,21,E:/RAVDESS_dataset/Audio_Song_Actors_01-24\Actor_21\03-02-03-01-01-02-21.wav
850,03,01,02,01,21,E:/RAVDESS_dataset/Audio_Song_Actors_01-24\Actor_21\03-02-03-01-02-01-21.wav
851,03,01,02,02,21,E:/RAVDESS_dataset/Audio_Song_Actors_01-24\Actor_21\03-02-03-01-02-02-21.wav
852,03,02,01,01,21,E:/RAVDESS_dataset/Audio_Song_Actors_01-24\Actor_21\03-02-03-02-01-01-21.wav
853,03,02,01,02,21,E:/RAVDESS_dataset/Audio_Song_Actors_01-24\Actor_21\03-02-03-02-01-02-21.wav
854,03,02,02,01,21,E:/RAVDESS_dataset/Audio_Song_Actors_01-24\Actor_21\03-02-03-02-02-01-21.wav
855,03,02,02,02,21,E:/RAVDESS_dataset/Audio_Song_Actors_01-24\Actor_21\03-02-03-02-02-02-21.wav
856,04,01,01,01,21,E:/RAVDESS_dataset/Audio_Song_Actors_01-24\Actor_21\03-02-04-01-01-01-21.wav
857,04,01,01,02,21,E:/RAVDESS_dataset/Audio_Song_Actors_01-24\Actor_21\03-02-04-01-01-02-21.wav
858,04,01,02,01,21,E:/RAVDESS_dataset/Audio_Song_Actors_01-24\Actor_21\03-02-04-01-02-01-21.wav
859,04,01,02,02,21,E:/RAVDESS_dataset/Audio_Song_Actors_01-24\Actor_21\03-02-04-01-02-02-21.wav
860,04,02,01,01,21,E:/RAVDESS_dataset/Audio_Song_Actors_01-24\Actor_21\03-02-04-02-01-01-21.wav
861,04,02,01,02,21,E:/RAVDESS_dataset/Audio_Song_Actors_01-24\Actor_21\03-02-04-02-01-02-21.wav
862,04,02,02,01,21,E:/RAVDESS_dataset/Audio_Song_Actors_01-24\Actor_21\03-02-04-02-02-01-21.wav
863,04,02,02,02,21,E:/RAVDESS_dataset/Audio_Song_Actors_01-24\Actor_21\03-02-04-02-02-02-21.wav
864,05,01,01,01,21,E:/RAVDESS_dataset/Audio_Song_Actors_01-24\Actor_21\03-02-05-01-01-01-21.wav
865,05,01,01,02,21,E:/RAVDESS_dataset/Audio_Song_Actors_01-24\Actor_21\03-02-05-01-01-02-21.wav
866,05,01,02,01,21,E:/RAVDESS_dataset/Audio_Song_Actors_01-24\Actor_21\03-02-05-01-02-01-21.wav
867,05,01,02,02,21,E:/RAVDESS_dataset/Audio_Song_Actors_01-24\Actor_21\03-02-05-01-02-02-21.wav
868,05,02,01,01,21,E:/RAVDESS_dataset/Audio_Song_Actors_01-24\Actor_21\03-02-05-02-01-01-21.wav
869,05,02,01,02,21,E:/RAVDESS_dataset/Audio_Song_Actors_01-24\Actor_21\03-02-05-02-01-02-21.wav
870,05,02,02,01,21,E:/RAVDESS_dataset/Audio_Song_Actors_01-24\Actor_21\03-02-05-02-02-01-21.wav
871,05,02,02,02,21,E:/RAVDESS_dataset/Audio_Song_Actors_01-24\Actor_21\03-02-05-02-02-02-21.wav
872,06,01,01,01,21,E:/RAVDESS_dataset/Audio_Song_Actors_01-24\Actor_21\03-02-06-01-01-01-21.wav
873,06,01,01,02,21,E:/RAVDESS_dataset/Audio_Song_Actors_01-24\Actor_21\03-02-06-01-01-02-21.wav
874,06,01,02,01,21,E:/RAVDESS_dataset/Audio_Song_Actors_01-24\Actor_21\03-02-06-01-02-01-21.wav
875,06,01,02,02,21,E:/RAVDESS_dataset/Audio_Song_Actors_01-24\Actor_21\03-02-06-01-02-02-21.wav
876,06,02,01,01,21,E:/RAVDESS_dataset/Audio_Song_Actors_01-24\Actor_21\03-02-06-02-01-01-21.wav
877,06,02,01,02,21,E:/RAVDESS_dataset/Audio_Song_Actors_01-24\Actor_21\03-02-06-02-01-02-21.wav
878,06,02,02,01,21,E:/RAVDESS_dataset/Audio_Song_Actors_01-24\Actor_21\03-02-06-02-02-01-21.wav
879,06,02,02,02,21,E:/RAVDESS_dataset/Audio_Song_Actors_01-24\Actor_21\03-02-06-02-02-02-21.wav
880,01,01,01,01,22,E:/RAVDESS_dataset/Audio_Song_Actors_01-24\Actor_22\03-02-01-01-01-01-22.wav
881,01,01,01,02,22,E:/RAVDESS_dataset/Audio_Song_Actors_01-24\Actor_22\03-02-01-01-01-02-22.wav
882,01,01,02,01,22,E:/RAVDESS_dataset/Audio_Song_Actors_01-24\Actor_22\03-02-01-01-02-01-22.wav
883,01,01,02,02,22,E:/RAVDESS_dataset/Audio_Song_Actors_01-24\Actor_22\03-02-01-01-02-02-22.wav
884,02,01,01,01,22,E:/RAVDESS_dataset/Audio_Song_Actors_01-24\Actor_22\03-02-02-01-01-01-22.wav
885,02,01,01,02,22,E:/RAVDESS_dataset/Audio_Song_Actors_01-24\Actor_22\03-02-02-01-01-02-22.wav
886,02,01,02,01,22,E:/RAVDESS_dataset/Audio_Song_Actors_01-24\Actor_22\03-02-02-01-02-01-22.wav
887,02,01,02,02,22,E:/RAVDESS_dataset/Audio_Song_Actors_01-24\Actor_22\03-02-02-01-02-02-22.wav
888,02,02,01,01,22,E:/RAVDESS_dataset/Audio_Song_Actors_01-24\Actor_22\03-02-02-02-01-01-22.wav
889,02,02,01,02,22,E:/RAVDESS_dataset/Audio_Song_Actors_01-24\Actor_22\03-02-02-02-01-02-22.wav
890,02,02,02,01,22,E:/RAVDESS_dataset/Audio_Song_Actors_01-24\Actor_22\03-02-02-02-02-01-22.wav
891,02,02,02,02,22,E:/RAVDESS_dataset/Audio_Song_Actors_01-24\Actor_22\03-02-02-02-02-02-22.wav
892,03,01,01,01,22,E:/RAVDESS_dataset/Audio_Song_Actors_01-24\Actor_22\03-02-03-01-01-01-22.wav
893,03,01,01,02,22,E:/RAVDESS_dataset/Audio_Song_Actors_01-24\Actor_22\03-02-03-01-01-02-22.wav
894,03,01,02,01,22,E:/RAVDESS_dataset/Audio_Song_Actors_01-24\Actor_22\03-02-03-01-02-01-22.wav
895,03,01,02,02,22,E:/RAVDESS_dataset/Audio_Song_Actors_01-24\Actor_22\03-02-03-01-02-02-22.wav
896,03,02,01,01,22,E:/RAVDESS_dataset/Audio_Song_Actors_01-24\Actor_22\03-02-03-02-01-01-22.wav
897,03,02,01,02,22,E:/RAVDESS_dataset/Audio_Song_Actors_01-24\Actor_22\03-02-03-02-01-02-22.wav
898,03,02,02,01,22,E:/RAVDESS_dataset/Audio_Song_Actors_01-24\Actor_22\03-02-03-02-02-01-22.wav
899,03,02,02,02,22,E:/RAVDESS_dataset/Audio_Song_Actors_01-24\Actor_22\03-02-03-02-02-02-22.wav
900,04,01,01,01,22,E:/RAVDESS_dataset/Audio_Song_Actors_01-24\Actor_22\03-02-04-01-01-01-22.wav
901,04,01,01,02,22,E:/RAVDESS_dataset/Audio_Song_Actors_01-24\Actor_22\03-02-04-01-01-02-22.wav
902,04,01,02,01,22,E:/RAVDESS_dataset/Audio_Song_Actors_01-24\Actor_22\03-02-04-01-02-01-22.wav
903,04,01,02,02,22,E:/RAVDESS_dataset/Audio_Song_Actors_01-24\Actor_22\03-02-04-01-02-02-22.wav
904,04,02,01,01,22,E:/RAVDESS_dataset/Audio_Song_Actors_01-24\Actor_22\03-02-04-02-01-01-22.wav
905,04,02,01,02,22,E:/RAVDESS_dataset/Audio_Song_Actors_01-24\Actor_22\03-02-04-02-01-02-22.wav
906,04,02,02,01,22,E:/RAVDESS_dataset/Audio_Song_Actors_01-24\Actor_22\03-02-04-02-02-01-22.wav
907,04,02,02,02,22,E:/RAVDESS_dataset/Audio_Song_Actors_01-24\Actor_22\03-02-04-02-02-02-22.wav
908,05,01,01,01,22,E:/RAVDESS_dataset/Audio_Song_Actors_01-24\Actor_22\03-02-05-01-01-01-22.wav
909,05,01,01,02,22,E:/RAVDESS_dataset/Audio_Song_Actors_01-24\Actor_22\03-02-05-01-01-02-22.wav
910,05,01,02,01,22,E:/RAVDESS_dataset/Audio_Song_Actors_01-24\Actor_22\03-02-05-01-02-01-22.wav
911,05,01,02,02,22,E:/RAVDESS_dataset/Audio_Song_Actors_01-24\Actor_22\03-02-05-01-02-02-22.wav
912,05,02,01,01,22,E:/RAVDESS_dataset/Audio_Song_Actors_01-24\Actor_22\03-02-05-02-01-01-22.wav
913,05,02,01,02,22,E:/RAVDESS_dataset/Audio_Song_Actors_01-24\Actor_22\03-02-05-02-01-02-22.wav
914,05,02,02,01,22,E:/RAVDESS_dataset/Audio_Song_Actors_01-24\Actor_22\03-02-05-02-02-01-22.wav
915,05,02,02,02,22,E:/RAVDESS_dataset/Audio_Song_Actors_01-24\Actor_22\03-02-05-02-02-02-22.wav
916,06,01,01,01,22,E:/RAVDESS_dataset/Audio_Song_Actors_01-24\Actor_22\03-02-06-01-01-01-22.wav
917,06,01,01,02,22,E:/RAVDESS_dataset/Audio_Song_Actors_01-24\Actor_22\03-02-06-01-01-02-22.wav
918,06,01,02,01,22,E:/RAVDESS_dataset/Audio_Song_Actors_01-24\Actor_22\03-02-06-01-02-01-22.wav
919,06,01,02,02,22,E:/RAVDESS_dataset/Audio_Song_Actors_01-24\Actor_22\03-02-06-01-02-02-22.wav
920,06,02,01,01,22,E:/RAVDESS_dataset/Audio_Song_Actors_01-24\Actor_22\03-02-06-02-01-01-22.wav
921,06,02,01,02,22,E:/RAVDESS_dataset/Audio_Song_Actors_01-24\Actor_22\03-02-06-02-01-02-22.wav
922,06,02,02,01,22,E:/RAVDESS_dataset/Audio_Song_Actors_01-24\Actor_22\03-02-06-02-02-01-22.wav
923,06,02,02,02,22,E:/RAVDESS_dataset/Audio_Song_Actors_01-24\Actor_22\03-02-06-02-02-02-22.wav
924,01,01,01,01,23,E:/RAVDESS_dataset/Audio_Song_Actors_01-24\Actor_23\03-02-01-01-01-01-23.wav
925,01,01,01,02,23,E:/RAVDESS_dataset/Audio_Song_Actors_01-24\Actor_23\03-02-01-01-01-02-23.wav
926,01,01,02,01,23,E:/RAVDESS_dataset/Audio_Song_Actors_01-24\Actor_23\03-02-01-01-02-01-23.wav
927,01,01,02,02,23,E:/RAVDESS_dataset/Audio_Song_Actors_01-24\Actor_23\03-02-01-01-02-02-23.wav
928,02,01,01,01,23,E:/RAVDESS_dataset/Audio_Song_Actors_01-24\Actor_23\03-02-02-01-01-01-23.wav
929,02,01,01,02,23,E:/RAVDESS_dataset/Audio_Song_Actors_01-24\Actor_23\03-02-02-01-01-02-23.wav
930,02,01,02,01,23,E:/RAVDESS_dataset/Audio_Song_Actors_01-24\Actor_23\03-02-02-01-02-01-23.wav
931,02,01,02,02,23,E:/RAVDESS_dataset/Audio_Song_Actors_01-24\Actor_23\03-02-02-01-02-02-23.wav
932,02,02,01,01,23,E:/RAVDESS_dataset/Audio_Song_Actors_01-24\Actor_23\03-02-02-02-01-01-23.wav
933,02,02,01,02,23,E:/RAVDESS_dataset/Audio_Song_Actors_01-24\Actor_23\03-02-02-02-01-02-23.wav
934,02,02,02,01,23,E:/RAVDESS_dataset/Audio_Song_Actors_01-24\Actor_23\03-02-02-02-02-01-23.wav
935,02,02,02,02,23,E:/RAVDESS_dataset/Audio_Song_Actors_01-24\Actor_23\03-02-02-02-02-02-23.wav
936,03,01,01,01,23,E:/RAVDESS_dataset/Audio_Song_Actors_01-24\Actor_23\03-02-03-01-01-01-23.wav
937,03,01,01,02,23,E:/RAVDESS_dataset/Audio_Song_Actors_01-24\Actor_23\03-02-03-01-01-02-23.wav
938,03,01,02,01,23,E:/RAVDESS_dataset/Audio_Song_Actors_01-24\Actor_23\03-02-03-01-02-01-23.wav
939,03,01,02,02,23,E:/RAVDESS_dataset/Audio_Song_Actors_01-24\Actor_23\03-02-03-01-02-02-23.wav
940,03,02,01,01,23,E:/RAVDESS_dataset/Audio_Song_Actors_01-24\Actor_23\03-02-03-02-01-01-23.wav
941,03,02,01,02,23,E:/RAVDESS_dataset/Audio_Song_Actors_01-24\Actor_23\03-02-03-02-01-02-23.wav
942,03,02,02,01,23,E:/RAVDESS_dataset/Audio_Song_Actors_01-24\Actor_23\03-02-03-02-02-01-23.wav
943,03,02,02,02,23,E:/RAVDESS_dataset/Audio_Song_Actors_01-24\Actor_23\03-02-03-02-02-02-23.wav
944,04,01,01,01,23,E:/RAVDESS_dataset/Audio_Song_Actors_01-24\Actor_23\03-02-04-01-01-01-23.wav
945,04,01,01,02,23,E:/RAVDESS_dataset/Audio_Song_Actors_01-24\Actor_23\03-02-04-01-01-02-23.wav
946,04,01,02,01,23,E:/RAVDESS_dataset/Audio_Song_Actors_01-24\Actor_23\03-02-04-01-02-01-23.wav
947,04,01,02,02,23,E:/RAVDESS_dataset/Audio_Song_Actors_01-24\Actor_23\03-02-04-01-02-02-23.wav
948,04,02,01,01,23,E:/RAVDESS_dataset/Audio_Song_Actors_01-24\Actor_23\03-02-04-02-01-01-23.wav
949,04,02,01,02,23,E:/RAVDESS_dataset/Audio_Song_Actors_01-24\Actor_23\03-02-04-02-01-02-23.wav
950,04,02,02,01,23,E:/RAVDESS_dataset/Audio_Song_Actors_01-24\Actor_23\03-02-04-02-02-01-23.wav
951,04,02,02,02,23,E:/RAVDESS_dataset/Audio_Song_Actors_01-24\Actor_23\03-02-04-02-02-02-23.wav
952,05,01,01,01,23,E:/RAVDESS_dataset/Audio_Song_Actors_01-24\Actor_23\03-02-05-01-01-01-23.wav
953,05,01,01,02,23,E:/RAVDESS_dataset/Audio_Song_Actors_01-24\Actor_23\03-02-05-01-01-02-23.wav
954,05,01,02,01,23,E:/RAVDESS_dataset/Audio_Song_Actors_01-24\Actor_23\03-02-05-01-02-01-23.wav
955,05,01,02,02,23,E:/RAVDESS_dataset/Audio_Song_Actors_01-24\Actor_23\03-02-05-01-02-02-23.wav
956,05,02,01,01,23,E:/RAVDESS_dataset/Audio_Song_Actors_01-24\Actor_23\03-02-05-02-01-01-23.wav
957,05,02,01,02,23,E:/RAVDESS_dataset/Audio_Song_Actors_01-24\Actor_23\03-02-05-02-01-02-23.wav
958,05,02,02,01,23,E:/RAVDESS_dataset/Audio_Song_Actors_01-24\Actor_23\03-02-05-02-02-01-23.wav
959,05,02,02,02,23,E:/RAVDESS_dataset/Audio_Song_Actors_01-24\Actor_23\03-02-05-02-02-02-23.wav
960,06,01,01,01,23,E:/RAVDESS_dataset/Audio_Song_Actors_01-24\Actor_23\03-02-06-01-01-01-23.wav
961,06,01,01,02,23,E:/RAVDESS_dataset/Audio_Song_Actors_01-24\Actor_23\03-02-06-01-01-02-23.wav
962,06,01,02,01,23,E:/RAVDESS_dataset/Audio_Song_Actors_01-24\Actor_23\03-02-06-01-02-01-23.wav
963,06,01,02,02,23,E:/RAVDESS_dataset/Audio_Song_Actors_01-24\Actor_23\03-02-06-01-02-02-23.wav
964,06,02,01,01,23,E:/RAVDESS_dataset/Audio_Song_Actors_01-24\Actor_23\03-02-06-02-01-01-23.wav
965,06,02,01,02,23,E:/RAVDESS_dataset/Audio_Song_Actors_01-24\Actor_23\03-02-06-02-01-02-23.wav
966,06,02,02,01,23,E:/RAVDESS_dataset/Audio_Song_Actors_01-24\Actor_23\03-02-06-02-02-01-23.wav
967,06,02,02,02,23,E:/RAVDESS_dataset/Audio_Song_Actors_01-24\Actor_23\03-02-06-02-02-02-23.wav
968,01,01,01,01,24,E:/RAVDESS_dataset/Audio_Song_Actors_01-24\Actor_24\03-02-01-01-01-01-24.wav
969,01,01,01,02,24,E:/RAVDESS_dataset/Audio_Song_Actors_01-24\Actor_24\03-02-01-01-01-02-24.wav
970,01,01,02,01,24,E:/RAVDESS_dataset/Audio_Song_Actors_01-24\Actor_24\03-02-01-01-02-01-24.wav
971,01,01,02,02,24,E:/RAVDESS_dataset/Audio_Song_Actors_01-24\Actor_24\03-02-01-01-02-02-24.wav
972,02,01,01,01,24,E:/RAVDESS_dataset/Audio_Song_Actors_01-24\Actor_24\03-02-02-01-01-01-24.wav
973,02,01,01,02,24,E:/RAVDESS_dataset/Audio_Song_Actors_01-24\Actor_24\03-02-02-01-01-02-24.wav
974,02,01,02,01,24,E:/RAVDESS_dataset/Audio_Song_Actors_01-24\Actor_24\03-02-02-01-02-01-24.wav
975,02,01,02,02,24,E:/RAVDESS_dataset/Audio_Song_Actors_01-24\Actor_24\03-02-02-01-02-02-24.wav
976,02,02,01,01,24,E:/RAVDESS_dataset/Audio_Song_Actors_01-24\Actor_24\03-02-02-02-01-01-24.wav
977,02,02,01,02,24,E:/RAVDESS_dataset/Audio_Song_Actors_01-24\Actor_24\03-02-02-02-01-02-24.wav
978,02,02,02,01,24,E:/RAVDESS_dataset/Audio_Song_Actors_01-24\Actor_24\03-02-02-02-02-01-24.wav
979,02,02,02,02,24,E:/RAVDESS_dataset/Audio_Song_Actors_01-24\Actor_24\03-02-02-02-02-02-24.wav
980,03,01,01,01,24,E:/RAVDESS_dataset/Audio_Song_Actors_01-24\Actor_24\03-02-03-01-01-01-24.wav
981,03,01,01,02,24,E:/RAVDESS_dataset/Audio_Song_Actors_01-24\Actor_24\03-02-03-01-01-02-24.wav
982,03,01,02,01,24,E:/RAVDESS_dataset/Audio_Song_Actors_01-24\Actor_24\03-02-03-01-02-01-24.wav
983,03,01,02,02,24,E:/RAVDESS_dataset/Audio_Song_Actors_01-24\Actor_24\03-02-03-01-02-02-24.wav
984,03,02,01,01,24,E:/RAVDESS_dataset/Audio_Song_Actors_01-24\Actor_24\03-02-03-02-01-01-24.wav
985,03,02,01,02,24,E:/RAVDESS_dataset/Audio_Song_Actors_01-24\Actor_24\03-02-03-02-01-02-24.wav
986,03,02,02,01,24,E:/RAVDESS_dataset/Audio_Song_Actors_01-24\Actor_24\03-02-03-02-02-01-24.wav
987,03,02,02,02,24,E:/RAVDESS_dataset/Audio_Song_Actors_01-24\Actor_24\03-02-03-02-02-02-24.wav
988,04,01,01,01,24,E:/RAVDESS_dataset/Audio_Song_Actors_01-24\Actor_24\03-02-04-01-01-01-24.wav
989,04,01,01,02,24,E:/RAVDESS_dataset/Audio_Song_Actors_01-24\Actor_24\03-02-04-01-01-02-24.wav
990,04,01,02,01,24,E:/RAVDESS_dataset/Audio_Song_Actors_01-24\Actor_24\03-02-04-01-02-01-24.wav
991,04,01,02,02,24,E:/RAVDESS_dataset/Audio_Song_Actors_01-24\Actor_24\03-02-04-01-02-02-24.wav
992,04,02,01,01,24,E:/RAVDESS_dataset/Audio_Song_Actors_01-24\Actor_24\03-02-04-02-01-01-24.wav
993,04,02,01,02,24,E:/RAVDESS_dataset/Audio_Song_Actors_01-24\Actor_24\03-02-04-02-01-02-24.wav
994,04,02,02,01,24,E:/RAVDESS_dataset/Audio_Song_Actors_01-24\Actor_24\03-02-04-02-02-01-24.wav
995,04,02,02,02,24,E:/RAVDESS_dataset/Audio_Song_Actors_01-24\Actor_24\03-02-04-02-02-02-24.wav
996,05,01,01,01,24,E:/RAVDESS_dataset/Audio_Song_Actors_01-24\Actor_24\03-02-05-01-01-01-24.wav
997,05,01,01,02,24,E:/RAVDESS_dataset/Audio_Song_Actors_01-24\Actor_24\03-02-05-01-01-02-24.wav
998,05,01,02,01,24,E:/RAVDESS_dataset/Audio_Song_Actors_01-24\Actor_24\03-02-05-01-02-01-24.wav
999,05,01,02,02,24,E:/RAVDESS_dataset/Audio_Song_Actors_01-24\Actor_24\03-02-05-01-02-02-24.wav
1000,05,02,01,01,24,E:/RAVDESS_dataset/Audio_Song_Actors_01-24\Actor_24\03-02-05-02-01-01-24.wav
1001,05,02,01,02,24,E:/RAVDESS_dataset/Audio_Song_Actors_01-24\Actor_24\03-02-05-02-01-02-24.wav
1002,05,02,02,01,24,E:/RAVDESS_dataset/Audio_Song_Actors_01-24\Actor_24\03-02-05-02-02-01-24.wav
1003,05,02,02,02,24,E:/RAVDESS_dataset/Audio_Song_Actors_01-24\Actor_24\03-02-05-02-02-02-24.wav
1004,06,01,01,01,24,E:/RAVDESS_dataset/Audio_Song_Actors_01-24\Actor_24\03-02-06-01-01-01-24.wav
1005,06,01,01,02,24,E:/RAVDESS_dataset/Audio_Song_Actors_01-24\Actor_24\03-02-06-01-01-02-24.wav
1006,06,01,02,01,24,E:/RAVDESS_dataset/Audio_Song_Actors_01-24\Actor_24\03-02-06-01-02-01-24.wav
1007,06,01,02,02,24,E:/RAVDESS_dataset/Audio_Song_Actors_01-24\Actor_24\03-02-06-01-02-02-24.wav
1008,06,02,01,01,24,E:/RAVDESS_dataset/Audio_Song_Actors_01-24\Actor_24\03-02-06-02-01-01-24.wav
1009,06,02,01,02,24,E:/RAVDESS_dataset/Audio_Song_Actors_01-24\Actor_24\03-02-06-02-01-02-24.wav
1010,06,02,02,01,24,E:/RAVDESS_dataset/Audio_Song_Actors_01-24\Actor_24\03-02-06-02-02-01-24.wav
1011,06,02,02,02,24,E:/RAVDESS_dataset/Audio_Song_Actors_01-24\Actor_24\03-02-06-02-02-02-24.wav
